full_word,sentence_word_index,total_word_index,score
bbes,1,28,0.5731255
napoléon,29,245,0.9578272
sorel,33,1078,0.9011058
sorel,17,1142,0.88860065
sorel,4,1219,0.69446766
sorel,39,1358,0.98762417
valenod,0,2017,0.7188352
chélan,18,2256,0.9643898
appert,0,2789,0.702204
fleury,0,2972,0.7025605
appert,0,3040,0.87253857
chélan,30,3099,0.95425826
appert,0,3199,0.97966754
appert,0,3264,0.98202634
appert,0,3383,0.8500882
app,0,3439,0.7002621
valenod,0,3694,0.95464206
chélan,0,3718,0.98875725
valenod,0,3915,0.9110536
messieurs,14,4013,0.6088157
sorel,18,4211,0.9917887
sorel,46,4329,0.94289726
buonaparté,7,4384,0.9877396
sorel,7,4413,0.9954755
sorel,43,4473,0.98926836
libéraux,8,4663,0.4527998
valenod,0,4889,0.9919936
valenod,0,4923,0.9954941
valenod,0,4994,0.80243635
rênal,4,5281,0.9758692
orléans,22,5299,0.9957269
ducrest,0,5333,0.98060197
orléans,40,5399,0.6189433
machiavelli,0,5450,0.9608995
sorel,32,5482,0.9841322
sorel,2,5675,0.9939294
julien,31,5704,0.9249612
sorel,3,5764,0.9985765
julien,5,5848,0.71201336
maire,4,5914,0.4472449
sorel,1,5917,0.98351884
valenod,57,5973,0.7429232
sorel,10,5985,0.9942187
sorel,8,6167,0.97840947
julien,10,6169,0.6709331
tentor,16,6175,0.5442172
ju,15,6265,0.5233766
ju,13,6319,0.5166027
sorel,8,6330,0.98969483
julien,17,6339,0.86938554
julien,8,6385,0.5990734
curé,14,6577,0.50669307
julien,0,6584,0.96422625
ju,2,6705,0.52242553
sorel,12,6715,0.95620525
sorel,6,7064,0.9903238
julien,7,7164,0.577976
cunctando,4,7270,0.9397917
rem,6,7272,0.87089133
chien,15,7289,0.43754795
lisard,17,7291,0.7597666
julien,45,7319,0.9090102
dieu,90,7364,0.45680645
julien,45,7319,0.9135721
sorel,5,7557,0.9872009
julien,25,7577,0.9674688
julien,13,7827,0.85737544
rousseau,8,7853,0.9742665
julien,6,7950,0.9052183
chélan,5,7969,0.97462064
sorel,0,8028,0.99698794
sorel,14,8118,0.9924809
sorel,10,8162,0.99797046
sorel,32,8229,0.9968829
durand,0,8320,0.76252097
sorel,55,8375,0.9963844
sorel,55,8375,0.995319
julien,12,8592,0.9654358
sorel,15,8750,0.94685894
durand,0,8811,0.9670902
sorel,6,8836,0.9982875
sorel,11,8924,0.98514557
julien,8,8937,0.538726
fouqué,16,8980,0.8476021
julien,0,9052,0.90522796
julien,39,9171,0.85094965
julien,2,9259,0.95565236
julien,12,9298,0.95207787
évêque,37,9399,0.5985541
julien,34,9477,0.7569706
julien,40,9519,0.76397884
julien,3,9527,0.87902
napoléon,8,9532,0.8193897
julien,0,9590,0.9687393
julien,1,9638,0.6215123
bonaparte,16,9729,0.9987624
julien,5,9748,0.9505338
bonaparte,22,9765,0.9911962
bonaparte,1,9866,0.99908227
napoléon,38,9928,0.9650308
julien,17,9996,0.7260585
chélan,0,10020,0.875541
napoléon,26,10046,0.949344
julien,0,10198,0.5830615
julien,6,10237,0.64503044
julien,34,10322,0.7771172
julien,3,10354,0.666487
ju,2,10394,0.51248354
julien,32,10434,0.64527214
mozart,0,10690,0.91005784
julien,0,10888,0.7180577
julien,0,10928,0.5377533
monsieur,3,11176,0.7369807
julien,7,11180,0.82348824
julien,13,11212,0.8902374
julien,13,11212,0.8816787
julien,27,11310,0.7670694
ju,20,11366,0.5003264
prêtre,19,11564,0.7881523
julien,11,11580,0.57929826
monsieur,29,11642,0.63583994
ju,7,11681,0.5093985
rênal,2,11742,0.9721262
julien,5,11745,0.66997576
julien,19,11828,0.87021184
julien,0,11874,0.7498203
julien,31,11935,0.86791444
julien,37,12002,0.9481387
julien,6,12079,0.56860125
julien,68,12158,0.9545981
chélan,47,12264,0.98867357
madame,26,12300,0.6935168
julien,0,12310,0.8119606
julien,34,12358,0.88364846
julien,3,12461,0.8588855
julien,5,12520,0.85506046
ju,21,12611,0.51470166
rênal,3,12658,0.9808369
julien,37,12692,0.90420246
julien,3,12714,0.5662827
durand,0,12982,0.9098009
julien,0,13042,0.7809108
julien,43,13231,0.9901312
julien,14,13401,0.7271627
julien,4,13461,0.9113642
adolphe,0,13647,0.66477495
julien,22,13669,0.8187351
adolphe,0,13709,0.50285196
julien,10,13719,0.7833437
julien,9,13775,0.72415614
adolphe,19,13812,0.9327655
julien,30,13823,0.91394186
horace,42,13896,0.9688643
julien,0,13898,0.51941204
horace,14,13948,0.98435605
horace,12,13962,0.7338294
julien,2,13986,0.55439097
julien,8,13996,0.5497104
julien,14,14074,0.99644077
valenod,0,14080,0.9886741
julien,4,14108,0.6041175
monsieur,8,14112,0.5474798
julien,0,14142,0.77563083
julien,48,14204,0.97973585
julien,0,14237,0.750639
rênal,21,14258,0.95782954
valenod,10,14275,0.9909749
julien,21,14286,0.96401036
napoléon,23,14288,0.94789356
valenod,0,14463,0.9706169
rênal,8,14471,0.9909676
julien,10,14473,0.9472947
julien,8,14622,0.79418826
valen,0,14737,0.55230284
julien,17,14754,0.92936236
valenod,0,14779,0.80243635
julien,0,14789,0.6752285
élisa,28,14848,0.87526065
élisa,5,14884,0.67681247
élisa,10,14907,0.9598065
julien,0,14927,0.84428406
valenod,0,14955,0.99821705
abbé,13,14972,0.46787474
rênal,2,14989,0.98793405
julien,35,15022,0.9873541
élisa,33,15057,0.585547
julien,43,15105,0.9255196
julien,6,15113,0.91331434
julien,9,15141,0.86856055
julien,23,15227,0.9941553
abbé,18,15247,0.6040389
verrières,23,15555,0.9770602
julien,7,15653,0.8938189
valenod,0,15894,0.8746624
julien,29,16132,0.83949727
julien,6,16189,0.8390877
julien,41,16282,0.82991743
julien,0,16425,0.5379619
julien,16,16486,0.70109767
ju,7,16512,0.51496917
ouis,9,16604,0.57742107
julien,27,16637,0.68869126
julien,27,16637,0.69469523
julien,14,16757,0.98221403
valenod,0,16802,0.991158
julien,18,16865,0.60530347
julien,11,16937,0.88953054
julien,11,16937,0.9014056
besenval,65,17129,0.99678123
julien,8,17166,0.90497375
julien,3,17243,0.7661695
julien,46,17350,0.6870388
julien,26,17390,0.9230913
julien,10,17441,0.51958394
julien,22,17493,0.7897433
julien,6,17629,0.984637
julien,47,17742,0.96412945
monsieur,17,17775,0.51558834
rênal,48,17806,0.98175263
julien,22,17837,0.9955019
julien,1,17918,0.84718287
maire,5,17931,0.7347227
julien,0,17946,0.6515013
julien,10,17970,0.78847164
adolphe,0,18016,0.53981
julien,47,18063,0.9694177
julien,3,18177,0.77701044
valenod,0,18286,0.89464647
bonaparte,33,18416,0.99745643
courage,2,18427,0.48009583
julien,0,18488,0.587257
julien,46,18639,0.74339014
julien,29,18913,0.8347871
napoléon,4,18919,0.9184072
chélan,12,19040,0.9879644
valenod,0,19058,0.9933071
julien,16,19146,0.8796545
sighs,7,19165,0.7304724
élisa,34,19235,0.9767183
chélan,11,19248,0.95321417
julien,20,19257,0.6757084
julien,19,19278,0.89197916
julien,0,19630,0.8559205
chélan,28,19697,0.93430656
julien,6,19795,0.93770736
julien,36,19849,0.9221493
élisa,8,19929,0.97963476
chélan,0,19933,0.99037063
julien,0,19986,0.9285501
julien,8,20044,0.66145676
élisa,41,20166,0.98831874
julien,35,20208,0.8779793
julien,0,20256,0.6142857
élisa,2,20329,0.9625452
élisa,4,20350,0.98743933
julien,0,20432,0.887745
julien,0,20597,0.74630296
élisa,32,20631,0.9924164
julien,3,20641,0.96441793
julien,8,20874,0.7521186
julien,17,20938,0.955684
julien,9,21032,0.7252418
julien,0,21297,0.9358281
julien,9,21370,0.87360716
julien,7,21506,0.96735144
godart,0,21526,0.9078582
julien,3,21529,0.8471791
julien,17,21556,0.81175447
julien,9,21567,0.94389737
julien,31,21833,0.5748862
élisa,36,21838,0.8409096
derville,1,21914,0.9955948
julien,0,22053,0.8539704
julien,10,22148,0.917642
julien,14,22268,0.7815974
mozart,59,22313,0.9972628
julien,24,22342,0.9562595
napoléon,3,22481,0.97457725
julien,3,22559,0.9352571
julien,8,22622,0.57494533
guérin,0,22710,0.90884936
strombeck,5,22715,0.9842292
julien,7,22793,0.67202795
julien,13,22978,0.5741135
julien,12,23013,0.9573394
julien,9,23032,0.5263646
julien,16,23059,0.809819
julien,36,23134,0.9589882
julien,36,23134,0.9221733
julien,0,23225,0.6267279
julien,22,23294,0.5329412
julien,0,23504,0.7411244
julien,13,23568,0.76806223
julien,9,23832,0.9236195
julien,0,23909,0.89051795
julien,46,24261,0.97310674
julien,2,24310,0.92496026
julien,25,24408,0.89186096
élisa,34,24475,0.99533284
julien,32,24526,0.9893992
julien,14,24554,0.5959958
julien,10,24583,0.8651277
julien,10,24583,0.74770766
julien,35,24723,0.9806999
robespierre,14,24812,0.99475414
julien,19,24817,0.9001464
julien,5,24914,0.83788776
julien,0,24951,0.61628544
julien,0,25252,0.60654855
julien,17,25299,0.9653375
madame,5,25329,0.72311735
julien,7,25440,0.83397233
julien,20,25548,0.9492878
julien,20,25548,0.93195194
julien,0,25806,0.78269637
julien,0,25869,0.7047547
napoléon,3,25925,0.8329615
julien,12,26036,0.6260735
ju,11,26130,0.5528365
julien,3,26141,0.7436285
rênal,6,26159,0.99119854
julien,10,26274,0.9195124
julien,9,26388,0.8871526
julien,17,26436,0.97831535
julien,7,26467,0.9756757
julien,3,26542,0.9741467
julien,29,26621,0.9647107
julien,29,26621,0.96189964
julien,9,26705,0.750127
valenod,0,26710,0.9876625
julien,0,26776,0.6202072
julien,0,26856,0.9483646
valenod,0,26893,0.80243635
julien,4,26919,0.9056474
chélan,0,26945,0.909758
julien,24,26969,0.94724506
valenod,14,27027,0.99441653
julien,0,27049,0.87626934
julien,34,27235,0.6126642
julien,28,27443,0.9074657
julien,0,27571,0.6463909
napoléon,6,27688,0.89945996
valenod,0,27785,0.99479395
julien,4,27803,0.951421
dames,36,27852,0.4930462
julien,0,28054,0.93086493
ju,0,28082,0.505609
julien,12,28167,0.71770823
derville,1,28231,0.98644143
julien,0,28236,0.9642247
julien,15,28324,0.5926467
julien,21,28357,0.9920816
julien,35,28416,0.63910544
julien,58,28492,0.62204325
julien,13,28545,0.9126966
julien,19,28700,0.8591761
julien,46,29028,0.64164484
julien,46,29028,0.7100282
élisa,19,29175,0.9752949
julien,53,29347,0.61298877
julien,17,29397,0.9682572
julien,26,29636,0.93203545
ju,14,29665,0.5010721
julien,0,30046,0.8561642
amant,10,30235,0.47537512
julien,18,30270,0.91003907
valenod,0,30323,0.99544495
julien,74,30422,0.61942136
julien,28,30554,0.9522027
fouqué,31,30736,0.63944775
fouqué,51,30960,0.96143436
julien,12,30974,0.59333646
fouqué,24,31260,0.9854436
julien,7,31269,0.862394
fouqué,2,31303,0.99098843
julien,0,31371,0.87799025
fouqué,24,31395,0.9953743
valenod,0,31409,0.961621
maugiron,6,31415,0.97132605
chélan,10,31419,0.9779298
homère,18,31652,0.99254495
fouqué,21,31655,0.99003494
julien,30,31664,0.9556185
fouqué,0,31678,0.9947289
julien,12,31690,0.803774
fouqué,1,31794,0.9539449
bonaparte,26,31949,0.9988672
julien,4,32003,0.79199004
fouqué,0,32045,0.96921873
rênal,0,32097,0.92759126
fouqué,3,32152,0.9951253
fouqué,9,32224,0.96265835
hercule,1,32288,0.99527895
julien,3,32419,0.9781326
fouqué,27,32536,0.9922726
julien,35,32544,0.9580724
fouqué,0,32659,0.99509346
fouqué,8,32693,0.9952832
julien,5,32713,0.94028074
julien,45,32793,0.65346277
derville,1,32821,0.9915506
élisa,24,32887,0.9941994
julien,17,32923,0.9799228
julien,0,33024,0.9052694
julien,0,33080,0.7424779
julien,9,33146,0.9891111
julien,17,33214,0.811396
julien,13,33302,0.86134505
julien,31,33427,0.95917034
julien,17,33468,0.8128042
julien,12,33534,0.7624121
fouqué,6,33565,0.9983245
fouqué,28,33711,0.9725817
julien,18,33755,0.80758333
julien,6,33799,0.77720714
julien,6,34172,0.8381269
julien,8,34202,0.97486734
julien,20,34253,0.73088413
julien,13,34404,0.5767281
julien,0,34448,0.89430785
julien,0,34497,0.8227967
julien,0,34497,0.80005896
julien,2,34780,0.6138004
fouqué,8,34786,0.9906763
napoléon,19,34824,0.9630576
fouqué,6,34924,0.99571145
julien,29,34998,0.88553977
julien,13,35042,0.7590613
julien,0,35168,0.808825
valenod,0,35281,0.80243635
derville,1,35514,0.9955999
julien,26,35602,0.9751774
julien,23,35646,0.89751136
derville,11,35709,0.98937505
julien,9,35753,0.6329372
corneille,8,35885,0.99452066
julien,10,35915,0.9075403
julien,3,36029,0.60788304
chélan,0,36033,0.965137
maslon,15,36048,0.9881911
julien,0,36052,0.62914586
fouqué,16,36068,0.995085
julien,0,36129,0.54795015
soulcy,25,36197,0.625412
julien,6,36219,0.88181597
julien,17,36313,0.9609437
julien,0,36363,0.89285254
saint,29,36439,0.40750948
julien,19,36462,0.9843792
julien,10,36506,0.82111824
julien,6,36551,0.5111758
julien,46,36620,0.96794856
julien,8,36694,0.6900153
julien,0,36894,0.89313745
julien,0,37142,0.65390146
julien,8,37410,0.9787637
julien,7,37471,0.7720146
julien,6,37491,0.67545533
julien,14,37510,0.70609576
julien,21,37559,0.54280853
julien,3,37607,0.86983705
ju,9,37723,0.50588983
julien,6,37827,0.8347025
julien,0,37944,0.71094906
rênal,2,38299,0.9804222
ju,9,38306,0.5644466
julien,25,38370,0.96261364
julien,18,38390,0.7853905
julien,4,38427,0.87479484
ju,17,38493,0.5181447
julien,1,38565,0.91509545
julien,0,38720,0.6786612
julien,35,39057,0.8403347
julien,12,39122,0.58086574
julien,12,39122,0.570499
julien,10,39270,0.87541294
julien,27,39387,0.5766064
valenod,0,39590,0.9746396
fouqué,36,39746,0.917202
fouqué,17,39843,0.9500129
napoléon,9,39985,0.92083037
julien,158,40134,0.71084315
julien,0,40170,0.7457149
julien,24,40323,0.7631645
valenod,0,40438,0.9770976
julien,3,40470,0.6503856
julien,25,40521,0.975993
robespierre,38,40534,0.9967377
julien,15,40567,0.93120337
julien,0,40688,0.894155
fouqué,4,40692,0.9923165
voltaire,35,40894,0.9976592
julien,0,41027,0.6605041
rênal,24,41051,0.992213
julien,3,41257,0.8129467
fouqué,35,41289,0.97843564
julien,21,41371,0.90358615
julien,21,41371,0.9425979
valenod,0,41513,0.9629157
valenod,0,41570,0.80243635
julien,8,41601,0.5266306
julien,47,41757,0.7943746
abbé,25,41872,0.6955012
richelieu,11,41885,0.9950951
julien,30,41904,0.9663869
xviii,1,41925,0.49630764
roi,17,42093,0.50932
monsieur,5,42304,0.7080101
julien,10,42399,0.8799561
julien,36,42732,0.88843054
valenod,0,42768,0.9677109
julien,28,42796,0.9280503
rênal,1,42848,0.99428624
julien,24,42921,0.6966789
maslon,0,43023,0.9685262
maslon,17,43162,0.9869582
chélan,0,43359,0.9479234
julien,10,43369,0.9823603
valenod,0,43628,0.93891716
sorel,4,43632,0.9700637
maire,11,43649,0.4499955
maire,9,43764,0.7391443
julien,13,43800,0.922283
napoléon,7,43930,0.9337375
roi,25,44018,0.50607294
roi,7,44051,0.75675523
roi,12,44077,0.76519215
esclandre,20,44150,0.9574011
julien,13,44224,0.9861724
julien,7,44296,0.96177304
julien,0,44346,0.7967407
chélan,0,44374,0.91829264
évêque,14,44488,0.5211413
monseigneur,32,44506,0.91898566
chélan,0,44535,0.94571435
julien,16,44551,0.96268547
chélan,0,44602,0.77766585
monseigneur,23,44645,0.9781034
julien,5,44701,0.80130553
monseigneur,22,44755,0.9694122
évêque,13,44779,0.898403
julien,19,44930,0.9318543
julien,0,45017,0.88238823
évêque,11,45079,0.53419393
julien,9,45171,0.8561275
lu,20,45241,0.51595235
monsieur,33,45254,0.79526174
julien,0,45262,0.7378564
julien,9,45275,0.77827704
julien,4,45298,0.8353634
monseigne,10,45325,0.63752246
chélan,0,45343,0.878575
julien,28,45371,0.95116913
monsieur,6,45379,0.4691041
monseigneur,26,45441,0.8278275
ju,4,45459,0.538107
messieurs,6,45495,0.62359744
chapitre,8,45497,0.54517245
julien,1,45500,0.6902387
julien,12,45540,0.7540867
julien,10,45591,0.6782713
évêque,4,45627,0.72461027
julien,18,45679,0.77988195
évêque,3,45697,0.87074375
julien,0,45729,0.90223247
évêque,3,45885,0.96437687
julien,6,45903,0.7582351
évoque,13,45931,0.5928178
chélan,0,45950,0.9878989
julien,20,45970,0.9697499
évêque,20,45997,0.7892136
évêque,2,46017,0.87003297
chélan,0,46067,0.8496338
julien,0,46075,0.5366477
chélan,16,46091,0.9566984
julien,0,46128,0.6224805
évêque,11,46151,0.91602653
julien,15,46202,0.9646329
julien,22,46234,0.9775665
julien,11,46307,0.9805246
napoléon,18,46314,0.85705537
monseigneur,3,46361,0.85033095
julien,14,46384,0.9670507
évêque,2,46391,0.92181766
évêque,2,46456,0.5219056
julien,0,46507,0.5962374
julien,8,46534,0.83529466
julien,10,46659,0.79300725
julien,0,46736,0.8372904
julien,30,46819,0.9732189
marquis,1,46856,0.7388606
roi,2,46885,0.6473657
julien,13,46946,0.8044752
chélan,19,47008,0.98069334
julien,21,47010,0.9675325
évêque,9,47083,0.9893083
julien,24,47293,0.93583715
julien,5,47353,0.82045746
julien,9,47462,0.5145223
julien,9,47462,0.560879
évoque,64,47720,0.8110722
julien,7,47748,0.97044766
cire,13,47788,0.5274666
barnave,0,47896,0.8466115
julien,20,47916,0.91015434
cholin,51,48191,0.8763481
moirod,64,48204,0.9903947
yert,84,48224,0.8594178
cholin,6,48243,0.976949
julien,19,48256,0.92261505
julien,0,48593,0.90881586
julien,3,48621,0.75249994
stanislas,11,48629,0.59128714
dieu,43,48692,0.40134004
julien,57,48706,0.9713117
stanislas,20,48749,0.9602378
julien,35,48786,0.98774695
julien,34,48827,0.86244684
julien,0,48899,0.57459736
julien,14,49048,0.57487696
seigneur,21,49177,0.9046658
julien,17,49260,0.9703272
julien,0,49266,0.7282203
julien,12,49332,0.9386909
julien,73,49653,0.98033774
stanislas,15,50016,0.9710606
stanislas,50,50096,0.93019056
julien,39,50177,0.6880575
julien,0,50218,0.6866468
stanislas,3,50492,0.8579719
julien,18,50561,0.8418518
signe,5,50635,0.37580025
julien,7,50713,0.91901
julien,8,50749,0.9537271
julien,4,50833,0.71827483
stanislas,39,50988,0.98315567
julien,52,51001,0.98697674
julien,40,51106,0.87287104
julien,41,51158,0.8244825
julien,0,51335,0.6181081
élisa,1,51406,0.9795213
valenod,0,51423,0.94850224
julien,4,51427,0.94753945
monsieur,17,51446,0.6182235
valenod,0,51465,0.80243635
valenod,0,51510,0.9977946
julien,0,51631,0.6629882
madame,21,51652,0.6636499
élisa,27,51658,0.7864628
julien,20,51811,0.8966764
tempest,0,51858,0.7402247
julien,11,51869,0.89271426
rênal,13,51991,0.9943207
julien,0,52034,0.64146435
dieu,3,52186,0.7908011
valenod,0,52255,0.80243635
méchant,10,52510,0.662991
fouqué,0,52590,0.6163314
valenod,0,52763,0.9847655
valenod,0,52873,0.9498232
valenod,17,52914,0.8278621
mari,4,52932,0.5321841
valenod,0,53136,0.80243635
julien,19,53567,0.83286834
remords,8,53821,0.5397482
julien,0,53953,0.8309406
homme,1,54470,0.3869879
falcoz,67,54544,0.8687479
ducros,71,54548,0.8926638
falcoz,7,54615,0.9707453
verrières,9,54751,0.96479183
louise,4,54847,0.88074523
charmier,11,55002,0.99052584
charmier,2,55054,0.9679512
charmier,2,55054,0.64982456
bernard,11,55063,0.9393549
falcoz,30,55244,0.94040316
insolent,2,55314,0.9896794
rênal,23,55368,0.9708423
julien,7,55449,0.6025337
verrières,8,55715,0.9798727
julien,25,55921,0.88050485
élisa,24,55962,0.56851864
ju,8,56158,0.5003305
grand,0,56304,0.35657308
julien,0,56449,0.74630296
julien,15,56516,0.646587
julien,8,56622,0.8171297
julien,28,56815,0.7006781
julien,28,57066,0.86173296
julien,26,57114,0.60753655
élisa,21,57410,0.99603236
valenod,0,57436,0.9677294
julien,23,57459,0.9502726
élisa,9,57580,0.9618439
valenod,11,57582,0.84199744
valenod,10,57632,0.9942716
julien,16,58095,0.8976113
valenod,0,58236,0.9826956
julien,37,58286,0.6963736
élisa,37,58461,0.99648684
valenod,0,58478,0.7012036
valenod,0,58624,0.78707904
valenod,0,58868,0.9895403
julien,0,59046,0.76455283
valenod,0,59179,0.9966807
julien,2,59181,0.99303806
élisa,5,59184,0.99343204
maître,3,59407,0.4343793
julien,7,59582,0.68732256
julien,0,59697,0.7519119
julien,5,59783,0.7901835
élisa,15,59862,0.9930074
élisa,11,59915,0.9866502
julien,57,59984,0.9798312
mamagrida,0,60065,0.5664258
julien,7,60072,0.8295274
chélan,0,60177,0.99638355
julien,0,60219,0.68106556
verrières,5,60224,0.95121
chélan,0,60290,0.9588469
rênal,3,60341,0.96141195
julien,7,60345,0.96626467
julien,7,60368,0.6311579
julien,53,60442,0.9757467
julien,46,60498,0.73080456
philippe,47,60562,0.7477972
julien,0,60588,0.74630296
julien,6,60638,0.5714025
julien,0,60734,0.9614458
ministre,1,60758,0.9569611
julien,8,60800,0.70604753
valenod,0,60875,0.99393183
julien,4,60895,0.72871923
valenod,0,60960,0.9753418
ê,17,61121,0.5521174
julien,0,61160,0.9923221
valenod,0,61214,0.9476153
julien,10,61290,0.8328058
julien,68,61397,0.9245265
julien,0,61517,0.77202773
julien,1,61597,0.6657118
julien,0,61678,0.91354597
valenod,0,61816,0.9935723
julien,8,61846,0.7421092
julien,0,61878,0.8051086
valenod,0,61889,0.96258074
julien,6,61930,0.7857809
julien,18,62057,0.54019225
napoléon,107,62146,0.82011926
julien,18,62057,0.7898869
julien,0,62243,0.8307309
julien,4,62373,0.9214773
julien,0,62412,0.77084637
rubigneau,0,62466,0.9718025
julien,6,62575,0.9847894
julien,1,62643,0.54097337
ligorio,19,62666,0.9598251
verrières,17,62725,0.66124845
julien,0,62727,0.95427597
julien,42,62838,0.9851942
julien,0,62875,0.74664885
julien,12,62947,0.65767086
valenod,0,63121,0.97356534
julien,5,63220,0.75440717
julien,22,63290,0.9475011
valenod,0,63409,0.98889256
julien,8,63484,0.7096577
gros,24,63500,0.63290375
jacobin,29,63505,0.68109083
julien,0,63507,0.94793427
julien,47,63653,0.7872957
julien,0,63690,0.8124864
julien,47,63893,0.6661588
ju,11,63945,0.5110408
valenod,27,63974,0.9297386
julien,0,64033,0.53390896
julien,9,64069,0.93094945
stanislas,14,64074,0.9760632
stanislas,42,64151,0.97114915
julien,28,64205,0.96621895
julien,0,64258,0.946215
stanislas,27,64285,0.99412817
julien,16,64410,0.9907516
ju,12,64517,0.51065475
julien,17,64664,0.87919
valenod,0,64743,0.9841139
valenod,0,64859,0.9952161
valenod,3,64944,0.9532349
valenod,0,64978,0.9981534
appert,0,65027,0.85106015
chélan,13,65077,0.97935903
frilair,21,65123,0.7908408
julien,14,65169,0.7749639
valenod,0,65187,0.94891244
valenod,0,65250,0.99566597
julien,20,65270,0.9884473
maire,7,65280,0.6590529
julien,17,65320,0.7388277
valenod,0,65374,0.9980549
maire,14,65413,0.7723426
julien,19,65541,0.88014734
valenod,0,65618,0.97925454
casti,0,65777,0.9851539
julien,16,66047,0.7761352
julien,11,66151,0.7230208
julien,0,66207,0.8508383
fol,27,66352,0.87081856
julien,12,66480,0.7795431
julien,0,66547,0.78859514
maslon,0,66640,0.9216382
regimba,19,66659,0.85489404
fril,36,66676,0.49634224
julien,0,66701,0.9194524
julien,1,66798,0.6203395
maslon,0,66840,0.98628616
valenod,0,66844,0.98038
frilair,11,66855,0.5963289
julien,0,66903,0.85817844
grogeot,24,67014,0.9936113
grogeot,24,67014,0.99566853
julien,72,67062,0.9794743
sorel,4,67236,0.9472606
julien,0,67244,0.86410475
rênal,3,67341,0.97155875
julien,6,67344,0.9226396
geronimo,4,67706,0.9907215
julien,12,67764,0.84343696
zingarelli,4,67875,0.9987693
zingarelli,4,67875,0.99847305
messieurs,0,68066,0.8139852
giovannone,16,68091,0.9635001
zingarelli,22,68097,0.9967667
lascia,30,68105,0.48793998
giovannone,4,68139,0.99435437
caro,9,68144,0.89816976
zingarelli,21,68221,0.9982562
polisson,45,68300,0.98168194
maestro,49,68304,0.965132
giovannone,8,68440,0.99810636
geronimo,33,68465,0.8914259
zingarelli,30,68497,0.99851704
giovannone,58,68557,0.99461246
zingarelli,1,68575,0.99810743
geronimo,17,68591,0.99646
geronimo,0,68679,0.992223
geronimo,0,68679,0.9968942
julien,8,68758,0.9893829
geronimo,9,68819,0.7577893
rênal,13,68823,0.88291985
julien,3,68865,0.6979917
rênal,19,68881,0.9861124
élisa,19,69007,0.99225783
fouqué,28,69016,0.9922737
julien,8,69081,0.6921898
julien,37,69207,0.73790985
julien,5,69280,0.7239612
valenod,0,69541,0.9903106
élisa,6,69547,0.98065704
élisa,6,69547,0.9845971
chélan,24,69629,0.98284435
julien,17,69669,0.97483224
fouqué,68,69720,0.97644806
julien,0,69756,0.92787564
chélan,0,69776,0.9724048
chélan,0,69819,0.9918717
julien,12,69850,0.84212434
verrières,18,69935,0.82689774
julien,10,69964,0.926077
julien,0,70184,0.6775553
julien,0,70434,0.74598813
valenod,34,70572,0.9806997
valenod,0,70706,0.4657766
julien,5,70741,0.94722855
julien,31,70788,0.97504413
verrières,43,70800,0.98028016
valenod,0,70811,0.80243635
julien,5,70818,0.7952198
julien,14,70846,0.9728509
valenod,0,71043,0.80243635
valenod,0,71207,0.94191575
julien,10,71217,0.87942123
valenod,0,71310,0.80243635
julien,11,71323,0.97577775
julien,11,71323,0.9494489
julien,14,71422,0.58560324
julien,26,71507,0.6343238
julien,1,71518,0.5238121
rênal,3,71525,0.9673438
julien,27,71549,0.9671449
julien,0,71568,0.62715423
fouqué,15,71609,0.9591671
julien,24,71700,0.5552349
julien,43,71882,0.9345839
julien,2,72009,0.5467886
stanislas,28,72062,0.98870546
julien,0,72070,0.8671988
barnave,35,72163,0.9668128
julien,1,72248,0.72640884
fouqué,4,72274,0.9879216
julien,32,72565,0.85734534
julien,0,72591,0.5606693
ju,44,72732,0.5113344
julien,44,72732,0.63754606
julien,17,73158,0.7085495
julien,17,73158,0.72124755
julien,13,73288,0.6664301
amanda,10,73356,0.54457366
amanda,0,73381,0.79558754
ju,9,73390,0.5131067
julien,19,73428,0.9477841
amanda,0,73430,0.52853805
amanda,8,73471,0.6883784
amanda,0,73594,0.8349735
ju,15,73609,0.5451385
julien,0,73654,0.75718284
héloïse,16,73670,0.8974063
amanda,27,73829,0.930795
julien,30,73832,0.6218382
julien,8,73882,0.5626292
amanda,29,73903,0.9282963
julien,8,73882,0.60335994
amanda,0,74018,0.8841318
julien,0,74197,0.75456756
amanda,0,74331,0.8255085
julien,6,74358,0.8821788
amanda,0,74370,0.8233893
julien,6,74489,0.91541815
julien,9,74607,0.95333254
julien,6,74679,0.77809834
abbé,20,74753,0.8431637
julien,121,74917,0.9262675
julien,21,74983,0.74880034
julien,23,75060,0.6748898
julien,1,75097,0.550287
valenod,1,75166,0.7301473
portier,4,75259,0.92797333
julien,8,75342,0.57597816
pirard,0,75404,0.97880983
julien,2,75516,0.5963565
julien,10,75757,0.93918836
ju,7,75810,0.5410221
julien,9,75865,0.7136729
julien,4,75913,0.5964207
julien,0,76000,0.8653023
julien,0,76061,0.7257142
julien,0,76143,0.5488906
julien,11,76292,0.59196335
julien,11,76292,0.7858615
julien,13,76376,0.767295
chélan,0,76403,0.8937665
pirard,0,76439,0.93450624
julien,12,76451,0.94502485
chélan,22,76523,0.9228425
julien,0,76597,0.5122509
julien,36,76661,0.7902473
bossuet,16,76731,0.99769455
arnault,19,76734,0.99664253
fleury,22,76737,0.9965009
julien,8,76879,0.96973276
julien,66,77102,0.88612425
julien,13,77152,0.853058
maslon,0,77192,0.7637572
julien,3,77195,0.6328529
julien,5,77216,0.9915508
julien,17,77264,0.9946673
chélan,23,77314,0.9950386
julien,11,77327,0.9803914
julien,18,77432,0.97339547
chélan,4,77471,0.88247585
julien,8,77505,0.88706344
julien,32,77613,0.96754867
ju,34,77668,0.52334243
julien,34,77668,0.5597331
monsieur,5,77746,0.6736705
julien,10,77918,0.9312707
julien,10,77918,0.93371534
julien,6,78073,0.85873234
julien,8,78127,0.77993995
julien,8,78162,0.5822053
julien,7,78271,0.8243497
julien,16,78496,0.53412396
ju,8,78579,0.5196329
julien,4,78645,0.58806026
castanède,0,78745,0.9878424
pirard,0,78778,0.9587565
julien,0,78907,0.95875
chazel,16,79043,0.9906446
julien,19,79046,0.9553275
julien,15,79142,0.98042923
napoléon,1,79176,0.8755815
julien,0,79266,0.66115785
julien,15,79307,0.95085084
voltaire,1,79371,0.9976363
sieyès,15,79467,0.99830323
grégoire,17,79469,0.99681956
pape,1,79489,0.7010967
julien,0,79526,0.95151937
pirard,0,79617,0.9495716
julien,6,79714,0.7597672
julien,2,79815,0.89095926
julien,13,79845,0.9309443
julien,3,79874,0.70705026
visage,1,79937,0.70457524
bois,3,79939,0.41994268
julien,0,80031,0.9466815
fouqué,6,80037,0.9898231
chélan,0,80140,0.6018958
rênal,4,80144,0.9809268
julien,18,80171,0.9571707
fouqué,32,80185,0.99278235
fouqué,32,80185,0.9946606
julien,18,80171,0.98155254
fouqué,23,80262,0.99463284
julien,11,80342,0.83271444
castanède,14,80518,0.9850872
ju,5,80680,0.5126293
julien,12,80746,0.7345507
hercule,25,80811,0.9394281
chazel,0,81009,0.9979731
pirard,0,81060,0.5831983
julien,10,81070,0.71639013
julien,20,81140,0.9953078
julien,43,81252,0.96378833
julien,2,81333,0.82446176
ju,11,81463,0.5000149
julien,6,81511,0.7952213
julien,5,81670,0.69430107
julien,0,81813,0.94362277
julien,0,81907,0.8310849
voltaire,14,82012,0.9958247
ju,0,82020,0.5339944
julien,15,82187,0.83377934
julien,15,82251,0.94838893
julien,3,82326,0.9914286
julien,0,82476,0.67988485
julien,0,82532,0.74861956
julien,17,82566,0.9720702
chélan,0,82626,0.9685341
julien,10,82722,0.7530124
pirard,0,82755,0.71413785
julien,8,82770,0.93281007
julien,4,82958,0.93397653
julien,5,83015,0.86811936
castanède,0,83040,0.98867136
diderot,0,83197,0.9878729
julien,24,83221,0.9696418
julien,0,83302,0.9113735
castanède,44,83423,0.8925883
voltaire,62,83743,0.88718474
ju,35,83780,0.5237077
cuistre,6,83788,0.9049442
castanède,0,83950,0.99707246
casuel,17,84028,0.58822
castanède,0,84095,0.99483484
julien,0,84111,0.841892
julien,5,84315,0.77836573
julien,0,84363,0.98626536
pirard,0,84423,0.9511173
julien,6,84479,0.97635674
chélan,0,84531,0.55817086
julien,5,84536,0.91035354
julien,4,84599,0.6986809
julien,16,84675,0.8706524
dieu,3,84826,0.9324517
julien,14,84975,0.98236144
julien,9,85032,0.7173735
rubempré,8,85080,0.9271699
julien,15,85285,0.84355265
julien,27,85359,0.6920234
julien,51,85467,0.95901704
julien,34,85646,0.90221274
julien,39,85691,0.9692342
damas,52,85886,0.6506453
évêque,4,85900,0.9677863
chas,4,86204,0.9888364
julien,23,86223,0.9785087
robespierre,3,86252,0.99671465
napoléon,6,86311,0.9826293
julien,9,86384,0.6084634
julien,13,86426,0.6896304
julien,39,86477,0.9549806
julien,13,86771,0.9675373
julien,11,86878,0.8161471
julien,9,86936,0.79173994
barrême,7,87001,0.99630874
julien,1,87022,0.9651948
julien,18,87156,0.5865908
abbé,11,87169,0.94560707
julien,21,87412,0.8382915
julien,0,87541,0.90970397
julien,0,87541,0.9790729
derville,1,87617,0.9877305
julien,11,87700,0.9821111
julien,9,87763,0.83484894
julien,9,87763,0.79494286
abbé,2,87842,0.5909384
monseigneur,12,87895,0.75654566
julien,7,87929,0.91749316
chas,16,87938,0.97682613
julien,25,87991,0.8875209
julien,3,88058,0.97198117
pirard,33,88088,0.99283427
julien,0,88286,0.86318123
julien,46,88361,0.85405654
dieu,19,88535,0.54979086
julien,0,88642,0.7508657
julien,2,88754,0.95239997
julien,5,88989,0.8594357
pirard,6,89033,0.99796885
fouqué,0,89091,0.95725846
julien,21,89112,0.8352518
julien,7,89190,0.59141517
chazel,0,89221,0.9870249
julien,6,89277,0.93643063
julien,111,89516,0.90270483
julien,0,89545,0.7475501
chazel,11,89556,0.996477
frilair,13,89580,0.50192887
julien,18,89637,0.91445947
julien,28,89685,0.9925804
cicéron,36,89693,0.99825716
horace,43,89700,0.99572694
virgile,46,89703,0.9973938
julien,8,89718,0.71077394
horace,33,89765,0.9906771
julien,71,89838,0.9159652
julien,80,89935,0.9876493
pirard,12,89949,0.99548227
julien,18,89985,0.94606733
julien,24,90106,0.88100564
julien,11,90165,0.6884965
julien,4,90198,0.60735536
julien,4,90257,0.9860356
julien,46,90408,0.9651159
frilair,30,90577,0.6048572
évêque,31,90663,0.9933761
julien,15,91059,0.825606
abbé,7,91155,0.8521442
intendant,8,91478,0.8712898
évêque,17,91516,0.9981115
julien,7,91638,0.8780991
monseigneur,47,91678,0.9257872
julien,0,91761,0.65213346
julien,63,91873,0.9032405
julien,12,91979,0.9609163
julien,0,91991,0.8219657
julien,6,92033,0.57911617
pirard,0,92144,0.96387607
julien,11,92155,0.7971827
julien,0,92170,0.8665236
frilair,4,92229,0.6496267
monseigneur,15,92240,0.8110677
julien,0,92242,0.74907374
julien,0,92275,0.69745636
évêque,6,92306,0.9147952
julien,7,92324,0.8297268
évoque,2,92343,0.73759705
évoque,2,92343,0.9699966
monseigneur,33,92445,0.90324265
julien,0,92591,0.91021293
valenod,0,92639,0.98610383
virgile,8,92686,0.9969997
horace,11,92689,0.9966952
cicéron,14,92692,0.9978735
julien,6,92700,0.9551559
horace,31,92787,0.96374446
julien,19,92812,0.99098134
julien,19,92812,0.98673415
virgile,4,92869,0.9988243
cicéron,7,92872,0.99895144
eigne,31,92905,0.51365215
julien,33,92907,0.9897224
monseigneur,30,92904,0.93246585
julien,20,93067,0.8343051
évoque,8,93220,0.42546633
julien,21,93233,0.98588204
frilair,32,93244,0.73070115
constantin,20,93312,0.99476147
julien,3,93347,0.94124556
tacite,11,93355,0.96923155
julien,0,93357,0.9493689
julien,0,93571,0.80481887
julien,0,93604,0.7311689
julien,0,93643,0.5791611
julien,0,93703,0.9042828
évêque,43,93845,0.9782234
julien,55,93907,0.89368117
tacite,23,94051,0.9940498
julien,16,94070,0.77874553
monseigneur,30,94084,0.69425327
castanède,24,94133,0.992188
julien,6,94168,0.7043059
jésus,105,94299,0.85800546
frilair,18,94429,0.6018297
abbé,27,94511,0.95155025
eigne,4,94541,0.51310843
jésus,52,94839,0.9468997
marquis,10,94941,0.95560634
julien,4,96081,0.6532612
julien,15,96135,0.66558594
julien,7,96175,0.742378
horace,3,96196,0.9903137
julien,0,96227,0.8670589
monseigneur,17,96244,0.78126305
julien,5,96295,0.97069967
fouqué,8,96298,0.994408
salomon,43,96409,0.98607343
chélan,0,96602,0.97682095
julien,36,96646,0.89521754
julien,0,96871,0.54264724
julien,14,96993,0.60750103
esclandre,39,97089,0.8005187
julien,55,97105,0.9682351
julien,0,97855,0.63873446
chélan,0,97896,0.9716544
julien,0,98018,0.5489862
julien,5,98159,0.95284975
julien,33,98299,0.5596132
julien,13,98498,0.7257456
julien,35,98540,0.96322376
julien,35,98540,0.9430213
chélan,0,98622,0.977826
chélan,0,98773,0.9905334
chélan,0,98945,0.9803548
julien,0,99039,0.5772299
julien,0,99079,0.76430666
julien,9,99115,0.9027747
julien,8,99287,0.95441985
ju,0,99327,0.5470742
julien,16,99408,0.85867226
julien,25,99539,0.9086015
julien,0,99654,0.8936429
julien,0,99728,0.71192074
julien,61,99797,0.88006073
julien,0,99882,0.916451
madame,30,99954,0.7130835
julien,8,100023,0.6134758
julien,0,100081,0.6684257
julien,7,100221,0.8588363
chélan,0,100353,0.8812573
julien,3,100356,0.81117845
julien,3,100356,0.77068955
julien,3,100356,0.61801314
julien,10,100443,0.81324995
élisa,29,100553,0.80272233
julien,38,100616,0.88052917
élisa,18,100711,0.6042074
julien,51,100774,0.7403832
julien,0,100794,0.6764202
julien,1,100908,0.9005339
julien,22,101003,0.58175224
julien,48,101087,0.78231406
julien,58,101290,0.9233501
rênal,2,101483,0.98311347
julien,6,101487,0.74554837
julien,1,101656,0.9426531
domestique,1,101663,0.52072936
julien,6,101677,0.8905875
julien,13,101743,0.775448
rênal,3,101766,0.9940806
élisa,18,101789,0.83715194
julien,29,101800,0.84705436
élisa,3,101879,0.9333587
julien,0,102122,0.7846578
julien,0,102122,0.9063013
julien,0,102122,0.94652945
julien,55,102295,0.5323405
julien,2,102341,0.6488302
julien,62,102477,0.9631175
julien,12,102527,0.6570973
stanislas,22,102537,0.7512786
julien,3,102692,0.66759396
julien,37,102850,0.68942165
julien,27,102890,0.8259959
virgile,19,102946,0.74450064
monsi,23,102950,0.48719707
julien,70,102997,0.7639004
falcoz,18,103029,0.9833866
julien,39,103050,0.96690166
falcoz,18,103029,0.9892235
falcoz,27,103105,0.9906764
mirabeau,29,103323,0.9947651
monfleury,0,104126,0.99185866
bonaparte,42,104231,0.9934865
falcoz,45,104234,0.9958141
bonaparte,42,104231,0.99434173
julien,5,104295,0.6627318
falcoz,9,104307,0.9985295
bonaparte,74,104372,0.65466726
falcoz,9,104307,0.9984626
napoléon,4,104639,0.97010034
bonaparte,13,104704,0.9972958
julien,16,104787,0.99741125
falcoz,42,104813,0.9975496
valenod,21,104875,0.9745
verrière,3,104900,0.5018327
bonaparte,3,104908,0.9988049
rênal,22,104927,0.997037
chélan,25,104930,0.99652576
valenod,33,104938,0.9975741
maslon,36,104941,0.99725515
julien,8,104951,0.5471648
julien,8,105293,0.5811666
julien,26,105327,0.9308941
marquis,5,105512,0.7311455
marquis,13,105586,0.87242025
marquis,34,105669,0.8488152
julien,56,105756,0.9565058
abbé,8,105939,0.5313749
cicéron,31,106127,0.9989906
virgile,33,106129,0.9986586
julien,51,106354,0.9654864
julien,39,106436,0.9518703
ju,0,106500,0.4823001
pirard,0,106516,0.9472728
julien,16,106544,0.67631817
pirard,0,106815,0.9616354
julien,33,106848,0.97433937
marquise,5,107326,0.7524315
julien,18,107476,0.7018124
abbé,2,107516,0.9550554
julien,4,107529,0.94844157
julien,4,107722,0.8522537
robespierre,11,107735,0.99754536
julien,19,107814,0.9183673
voltaire,28,107882,0.9935021
julien,36,108151,0.544935
julien,6,108232,0.67478067
julien,6,108302,0.9547326
marquis,4,108311,0.93112576
julien,0,108313,0.5961497
julien,3,108357,0.56084526
julien,8,108458,0.64892656
julien,17,108532,0.8973662
julien,0,108583,0.5646886
monsieur,1,108591,0.91180986
julien,0,108821,0.93343055
julien,14,108917,0.81571984
julien,26,108990,0.9578742
julien,22,109034,0.93687207
julien,0,109092,0.91597116
julien,0,109092,0.8984484
julien,2,109149,0.80799055
sorel,0,109186,0.9956748
julien,15,109208,0.6589023
julien,18,109271,0.6470225
julien,18,109271,0.6481533
arsène,15,109347,0.83830345
sorel,0,109358,0.87366235
julien,3,109469,0.9619699
voltaire,22,109488,0.95378745
julien,15,109556,0.7492687
julien,16,109574,0.90941465
julien,50,109639,0.97121394
julien,19,109770,0.539491
julien,0,109804,0.80905473
arsène,15,109819,0.9141083
julien,12,109845,0.66744816
julien,9,109891,0.7593298
julien,0,109950,0.87905395
julien,11,109998,0.66651666
julien,7,110027,0.87156165
agde,18,110038,0.98509693
julien,17,110076,0.86020267
julien,8,110096,0.9664548
julien,9,110232,0.6805781
ju,0,110261,0.56116945
julien,4,110350,0.8322775
julien,0,110414,0.80144024
julien,5,110500,0.92450297
julien,0,110565,0.9324082
norbert,13,110630,0.9499479
julien,4,110697,0.77300215
norbert,17,110710,0.9108961
julien,13,110735,0.9316907
horace,25,110747,0.9109032
horace,25,110747,0.98404944
julien,13,110735,0.9405805
horace,29,110895,0.7024806
julien,0,110989,0.9680833
julien,4,111059,0.9592007
julien,4,111059,0.9672047
julien,6,111108,0.8312294
horace,13,111166,0.985658
chapelle,37,111190,0.93051434
molière,43,111196,0.9969847
southey,72,111225,0.90632796
auguste,10,111244,0.9941218
george,13,111247,0.99157166
george,13,111247,0.98560333
julien,0,111326,0.63494146
southey,10,111336,0.99451214
george,15,111341,0.98940986
horace,34,111387,0.9943104
martial,37,111390,0.9942879
tacite,40,111393,0.9926421
julien,0,111404,0.96814036
julien,31,111477,0.9284353
julien,31,111477,0.8908715
julien,23,111540,0.80565375
julien,10,111623,0.7719525
julien,2,111656,0.8511232
julien,0,111673,0.6216265
julien,3,111717,0.90270734
voltaire,37,111751,0.99466485
julien,31,111832,0.84177697
julien,0,111868,0.78624356
julien,0,111868,0.85745883
norbert,95,111963,0.89566463
julien,3,111968,0.8626574
norbert,19,112051,0.9882987
julien,42,112074,0.98859525
julien,0,112160,0.96129847
julien,0,112160,0.97439086
julien,3,112332,0.8743639
tanbeau,13,112397,0.9927881
tanbeau,2,112449,0.9931186
tanbeau,0,112491,0.9830178
julien,14,112505,0.9901236
julien,4,112530,0.94220734
julien,27,112572,0.8890069
julien,27,112572,0.93102884
sorel,38,112678,0.97852004
julien,22,112742,0.8897234
norbert,34,112754,0.93539804
norbert,16,112791,0.99185115
norbert,2,112843,0.71297234
comte,4,112864,0.63899165
julien,27,112908,0.8485048
julien,1,113009,0.5779989
ronsard,0,113070,0.7111786
julien,7,113077,0.8334387
julien,14,113237,0.8359611
marquis,29,113290,0.80863965
julien,13,113462,0.93412256
julien,8,113568,0.90998495
marquis,21,113594,0.93597
béranger,50,113699,0.96199703
voltaire,62,113711,0.99453163
rousseau,66,113715,0.9977332
cordon,14,113762,0.43966883
rossini,37,113846,0.99861175
julien,0,113855,0.9344619
julien,9,114015,0.94502944
julien,0,114100,0.7557863
julien,0,114163,0.68233496
julien,9,114253,0.89032924
roi,26,114310,0.45256406
julien,0,114313,0.981694
julien,10,114358,0.88467705
julien,9,114410,0.6392235
pirard,17,114418,0.9726322
julien,8,114428,0.9355334
frilair,21,114441,0.9518871
julien,8,114428,0.95300204
tanbeau,0,114534,0.9863356
abbé,2,114621,0.7590256
julien,13,114653,0.6564574
julien,0,114663,0.5474477
julien,16,114691,0.69028246
abbé,19,114712,0.6132694
julien,0,114788,0.83776927
norbert,28,114918,0.99286515
norbert,10,114974,0.995156
julien,1,115030,0.8497149
mathilde,3,115101,0.957721
julien,4,115141,0.6511326
descoulis,0,115171,0.78548974
mathilde,3,115174,0.98141664
descoulis,0,115455,0.9904189
norbert,44,115499,0.9943285
descoulis,12,115533,0.9863165
norbert,17,115591,0.983397
sainclair,0,115599,0.9952184
descoulis,0,115702,0.9302402
descoulis,20,115730,0.9973635
sainclair,40,115750,0.998472
norbert,51,115761,0.9969633
croisenois,36,115746,0.99477786
sorel,88,115798,0.997189
norbert,51,115761,0.99730325
laquais,158,115868,0.9484277
mathilde,29,115918,0.99527866
clair,1,116081,0.50855917
julien,11,116093,0.8641422
julien,14,116129,0.76594245
julien,3,116152,0.7818512
julien,42,116207,0.7214483
julien,0,116236,0.71594334
napoléon,24,116260,0.9206429
chalvet,2,116264,0.99153614
balland,0,116433,0.9952853
tartufe,2,116435,0.91654587
balland,17,116457,0.9933157
balland,0,116489,0.9969628
julien,19,116601,0.797369
balland,0,116619,0.9952942
norbert,10,116629,0.9951947
napier,28,116647,0.9952494
julien,12,116661,0.91652536
basile,32,116710,0.9537568
abbé,6,116727,0.9393498
julien,20,116800,0.7087251
bil,0,116831,0.6329961
julien,37,116868,0.9693532
ju,0,116874,0.5204722
pirard,0,116887,0.99395436
julien,6,116926,0.97340274
napier,43,116963,0.98224485
baron,2,117176,0.76165515
chalvet,5,117204,0.9363459
tanbeau,51,117263,0.995577
julien,51,117320,0.6554915
julien,14,117423,0.61768365
académicien,12,117450,0.7331166
julien,0,117457,0.8213726
julien,0,117457,0.8859035
julien,9,117607,0.96225536
julien,2,117623,0.9377108
julien,13,117675,0.88007283
julien,10,117779,0.9689748
rousseau,28,117905,0.98262715
julien,51,117928,0.96134424
julien,7,117977,0.90447426
marquise,13,118084,0.9696479
julien,0,118086,0.9004382
comte,3,118212,0.7646439
norbert,62,118300,0.992177
norbert,5,118468,0.979219
norbert,5,118468,0.97573286
norbert,3,118605,0.9782575
julien,3,118659,0.9230269
faubras,7,118776,0.6314308
julien,19,118788,0.7887403
julien,0,118830,0.74999523
pirard,0,118858,0.9474666
julien,20,118884,0.9716817
julien,21,118951,0.9690943
julien,11,119023,0.6241508
julien,0,119050,0.8519693
julien,0,119164,0.61864877
norbert,0,119173,0.9856536
julien,0,119192,0.85524845
julien,16,119509,0.9472712
marquis,13,119671,0.49118105
ouis,6,119716,0.4629212
julien,17,119792,0.81808233
julien,18,120020,0.60222536
julien,6,120148,0.532914
homme,2,120286,0.7494308
julien,0,120311,0.69780123
liévin,16,120445,0.97840524
julien,0,120457,0.9380046
liévin,16,120473,0.9868371
julien,0,120457,0.9756367
julien,12,120557,0.98338926
geronimo,49,120594,0.9891159
julien,0,120596,0.71878594
fat,18,120730,0.98062736
julien,0,120799,0.9033284
julien,34,120995,0.82797223
julien,9,121029,0.67530197
julien,22,121084,0.81748855
staub,3,121089,0.9511988
julien,25,121178,0.8961611
julien,14,121194,0.9698807
julien,29,121284,0.86717343
sorel,0,121404,0.98648393
ju,0,121435,0.52392757
julien,20,121462,0.92300355
julien,17,121750,0.86298984
julien,8,121804,0.96989584
julien,9,121869,0.884238
julien,0,121882,0.8681771
chevalier,8,121910,0.5607098
julien,4,121931,0.97524095
julien,8,122012,0.727321
julien,8,122012,0.7378622
julien,1,122068,0.9208512
julien,3,122094,0.795962
julien,15,122132,0.7491987
julien,0,122273,0.64845693
sorel,0,122436,0.99322087
julien,19,122485,0.61971736
julien,0,122499,0.70001733
geronimo,14,122566,0.9945399
julien,0,122575,0.5634326
chevalier,3,122609,0.60375524
julien,1,122634,0.93992263
julien,6,122724,0.9409747
bertolotti,0,122947,0.99263614
julien,8,123046,0.68221194
marquis,8,123084,0.9377233
julien,0,123102,0.649073
marquis,3,123120,0.8141189
julien,16,123191,0.93407166
sorel,24,123199,0.9893377
julien,0,123288,0.58251613
marquis,8,123319,0.9078162
julien,6,123344,0.7295871
julien,4,123375,0.75830126
pirard,8,123398,0.958278
julien,4,123426,0.81544566
marquis,8,123546,0.9019745
rivarol,33,123594,0.9825898
julien,5,123639,0.6351671
rivarol,9,123643,0.99607825
julien,9,123687,0.6284325
julien,8,123697,0.6514665
julien,9,123824,0.70504504
marquis,4,123989,0.6604736
julien,0,124009,0.6605852
julien,0,124038,0.9365951
julien,0,124062,0.7717363
marquis,9,124116,0.832655
julien,0,124122,0.569037
julien,0,124122,0.5534415
poisson,0,124318,0.9147083
julien,4,124331,0.6100402
julien,6,124390,0.9029259
marquis,3,124485,0.93749774
julien,21,124512,0.9291146
julien,5,124689,0.88172746
marquis,10,124716,0.82429
julien,23,124748,0.64283836
ju,10,124806,0.5148765
bonaparte,6,124850,0.9986033
sorel,23,124921,0.99491906
korasoff,67,124965,0.9896571
julien,0,125022,0.63839567
korasoff,29,125051,0.99479896
julien,3,125062,0.9564842
locke,27,125119,0.9988704
julien,13,125144,0.9882473
vane,18,125149,0.9872086
julien,0,125157,0.7152375
julien,4,125175,0.82619023
vane,40,125211,0.9948195
cynique,7,125222,0.7834814
julien,26,125278,0.9083667
julien,26,125278,0.93758595
julien,35,125553,0.95944214
marquis,4,125678,0.565653
julien,62,125785,0.9547012
julien,0,125879,0.93272877
julien,5,125968,0.9265672
julien,0,126012,0.8377814
ju,10,126048,0.52081144
julien,0,126087,0.8951103
valenod,14,126101,0.92931956
julien,15,126166,0.94935274
julien,0,126213,0.6680036
julien,0,126213,0.88804805
julien,10,126276,0.5944009
julien,8,126301,0.89986813
gros,0,126317,0.8076042
julien,0,126359,0.6384145
pellico,0,126504,0.78538257
julien,4,126508,0.9767587
julien,49,126759,0.82878035
julien,26,126787,0.5607948
mathilde,0,126821,0.9428065
sorel,16,127037,0.99471056
sorel,16,127037,0.9955743
ju,8,127199,0.51093405
julien,0,127225,0.7297475
julien,7,127456,0.8034617
sorel,13,127462,0.9909002
julien,24,127512,0.8729423
norbert,21,127542,0.9501293
julien,38,127559,0.8672091
provincial,6,127689,0.832704
norbert,9,127730,0.9423239
norbert,0,127752,0.9959857
grenade,11,127881,0.59596986
julien,44,127914,0.5904372
julien,0,128045,0.6098422
fourmont,18,128146,0.9857783
mathilde,67,128195,0.99458337
comte,129,128257,0.5420852
thaler,131,128259,0.69912654
julien,5,128275,0.52244866
mathilde,7,128327,0.6222886
julien,8,128339,0.78271013
mathilde,18,128374,0.6121087
julien,8,128415,0.66254205
coulon,10,128480,0.9355414
mademoiselle,16,128532,0.6995494
sorel,16,128572,0.9953548
rousseau,0,128603,0.9961201
rousscau,0,128658,0.99357605
mathilde,58,128716,0.99444115
coindet,0,128779,0.91960615
feretrius,20,128827,0.98811513
mathilde,0,128839,0.98694867
mathilde,16,128950,0.97467244
mathilde,14,129039,0.9695543
croisenois,15,129078,0.9838116
mathilde,0,129189,0.9491812
altamira,14,129272,0.9782645
mathilde,14,129329,0.9771467
mathilde,0,129377,0.9030031
mathilde,18,129467,0.8344092
norbert,23,129542,0.99271065
altamira,27,129643,0.97922873
marquis,25,129679,0.9695058
mathilde,0,129708,0.9908994
mathilde,8,129784,0.9990008
mathilde,17,129866,0.90352035
altamira,36,129885,0.87960833
mathilde,21,129908,0.98905987
marquis,16,129939,0.82618374
mathilde,3,130051,0.98511195
altamira,10,130058,0.9948539
comte,16,130157,0.8827756
mathilde,4,130173,0.994066
altamira,8,130200,0.99212986
mirabeau,39,130231,0.9903839
mathilde,12,130248,0.9827775
altamira,6,130256,0.99761647
julien,22,130387,0.8876639
mathilde,25,130390,0.9968338
altamira,17,130424,0.88193417
conradin,39,130446,0.9941003
mathilde,4,130469,0.9742734
mathilde,9,130549,0.9869279
mathilde,26,130588,0.99332905
croisenois,11,130626,0.9927411
julien,15,130731,0.9476405
sorel,2,130991,0.98900115
rossini,53,131067,0.9961171
cicéri,60,131074,0.992232
mathilde,117,131131,0.89663315
plex,5,131179,0.40509483
mathilde,0,131186,0.99069726
baron,25,131246,0.9318204
sorel,0,131252,0.99710953
altamira,5,131321,0.9849141
mathilde,14,131330,0.9403668
julien,0,131359,0.77799916
altamira,13,131372,0.9858708
altamira,17,131420,0.9874492
danton,19,131422,0.9948706
mathilde,35,131438,0.9945713
danton,19,131422,0.98458296
julien,0,131461,0.87122595
danton,39,131500,0.96191025
julien,0,131461,0.9212579
altamira,89,131550,0.97533923
danton,4,131607,0.63063055
mathilde,9,131687,0.7186222
mathilde,8,131743,0.97130513
mathilde,10,131773,0.9658023
caylus,38,131801,0.98284006
croisenois,40,131803,0.97487676
sorel,1,131806,0.99824136
danton,6,131833,0.8890322
julien,14,131883,0.53567445
altamira,16,131906,0.97944397
julien,34,132005,0.91882896
julien,27,132125,0.7782624
mathilde,0,132130,0.9939935
altamira,15,132155,0.9889622
araceli,5,132177,0.7315689
julien,29,132296,0.9526481
altamira,40,132307,0.9889941
julien,29,132296,0.9646263
altamira,37,132380,0.99438685
altamira,22,132446,0.99242836
julien,45,132500,0.946466
altamira,60,132515,0.98989207
julien,17,132563,0.9862529
altamira,27,132634,0.77356005
julien,29,132636,0.8905784
altamira,46,132684,0.99385744
araceli,63,132810,0.9404703
altamira,0,132902,0.99084854
julien,5,132907,0.98982275
altamira,0,132902,0.9928959
julien,19,133070,0.90647554
altamira,5,133127,0.99302346
julien,44,133166,0.93783116
mathilde,10,133398,0.9555353
mathilde,24,133424,0.99058646
julien,5,133487,0.62578624
julien,0,133495,0.81979203
altamira,75,133570,0.96779275
ville,22,133669,0.5091155
courier,19,133723,0.55108637
béranger,10,133735,0.9072385
murat,16,133798,0.98938894
washington,21,133803,0.9839647
julien,0,133861,0.51600826
altamira,0,133868,0.99467415
julien,13,133915,0.7413517
charlemagne,54,133984,0.99405366
danton,2,134114,0.83540326
valenod,11,134123,0.9974386
rênal,14,134126,0.9972703
danton,21,134159,0.95059085
mirabeau,0,134163,0.55270225
napoléon,0,134170,0.9445741
pichegru,21,134191,0.9964252
julien,12,134214,0.87786746
altamira,22,134262,0.9191672
julien,19,134319,0.6713383
danton,12,134476,0.9985241
mirabeau,15,134479,0.99872106
carnot,18,134482,0.9987383
velly,14,134563,0.9840798
julien,25,134574,0.8382206
julien,25,134574,0.79937696
mathilde,0,134672,0.9776541
ju,0,134719,0.5160317
julien,4,134784,0.73478866
julien,0,134837,0.68380857
julien,9,134936,0.55132794
mathilde,1,134939,0.85745925
sorel,47,134985,0.99371827
julien,7,135108,0.6517832
danton,18,135119,0.9504244
mademoiselle,4,135221,0.73271185
mathilde,0,135270,0.98711085
danton,3,135432,0.8356497
julien,14,135546,0.94036245
mathilde,0,135569,0.94983816
julien,22,135599,0.85576546
julien,9,135813,0.97239447
talma,73,135888,0.78087425
julien,7,135897,0.9799398
virgile,14,135904,0.9884202
académicien,8,135930,0.97582597
mathilde,1,136041,0.98007107
julien,19,136070,0.6204838
julien,0,136077,0.5693623
julien,94,136212,0.93336046
julien,0,136222,0.8036251
julien,14,136288,0.91022253
alençon,12,136380,0.9503856
alençon,18,136473,0.9636623
mathilde,52,136634,0.98574984
coconasso,19,136686,0.9835136
coconasso,19,136686,0.9842899
annibal,34,136701,0.9770043
coconasso,12,136726,0.7338051
sorel,9,136761,0.993849
annibal,43,136795,0.94958776
julien,16,136862,0.9551406
julien,3,136901,0.76736724
julien,19,136947,0.94861066
élisa,22,136950,0.9843012
julien,28,137041,0.9876655
brantôme,18,137159,0.8030138
julien,3,137164,0.87016904
ju,6,137246,0.5541507
julien,8,137298,0.61682725
aubigné,10,137343,0.9970884
plébéien,6,137408,0.9885139
julien,13,137627,0.96302575
napoléon,34,137648,0.9650333
mathilde,42,137767,0.96732867
julien,0,137797,0.65504277
mathilde,9,137852,0.9134118
julien,9,137878,0.9685378
julien,17,137966,0.51352525
julien,0,138052,0.86777174
mathilde,9,138222,0.9821499
julien,33,138246,0.95673406
julien,12,138337,0.5865499
julien,20,138400,0.9640342
duc,9,139017,0.94011873
julien,8,139028,0.8607129
julien,30,139065,0.79213524
julien,1,139166,0.9341178
mathilde,26,139191,0.98918307
julien,0,139391,0.76750636
mathilde,0,139429,0.9249839
mathilde,8,139546,0.99179244
mathilde,9,139619,0.9519092
mathilde,8,139654,0.9941449
mathilde,23,139871,0.9823551
napoléon,45,139893,0.7593895
mathilde,24,140002,0.99576366
julien,29,140180,0.76826215
bassompierre,28,140486,0.9985156
julien,54,140614,0.9794774
croisenois,4,140649,0.9922005
marquis,12,140947,0.94303995
danton,6,141039,0.79784244
roi,32,141065,0.47357616
julien,37,141163,0.975687
julien,6,141390,0.9371487
julien,24,141468,0.87052035
julien,19,141652,0.88124496
mathilde,0,141687,0.974544
danton,3,141779,0.8174317
julien,2,141850,0.5232214
croisenois,13,141923,0.97840387
luz,16,141926,0.98113513
julien,5,141937,0.692183
julien,20,142319,0.8997652
julien,17,142417,0.9949678
croisenois,31,142431,0.9969295
norbert,34,142434,0.99761456
mathilde,42,142442,0.9981899
julien,17,142417,0.99365175
caylus,10,142557,0.9955683
julien,39,142601,0.94148284
julien,25,142711,0.70189136
napoléon,38,142724,0.9561564
mathilde,11,142776,0.82156813
norbert,4,142782,0.99378186
mathilde,18,142836,0.9032857
mathilde,0,142880,0.92924833
norbert,17,142897,0.9878609
julien,0,142925,0.80184466
mathilde,21,143021,0.980379
julien,31,143031,0.97611725
mathilde,0,143154,0.9982482
mathilde,9,143350,0.9324907
julien,12,143353,0.8266083
croisenois,32,143399,0.99026597
mathilde,8,143440,0.9933516
julien,13,143494,0.6452378
julien,15,143575,0.9702461
mathilde,8,143602,0.9791943
julien,17,143687,0.88247937
schiller,0,143740,0.97915375
norbert,8,143748,0.9921538
julien,9,143907,0.78450036
mathilde,12,143944,0.95788395
julien,2,143960,0.9771539
mathilde,8,144011,0.85382915
julien,12,144015,0.80512726
mathilde,8,144060,0.972722
mathilde,47,144128,0.9927476
julien,1,144163,0.8460678
voltaire,23,144185,0.98602235
voltaire,34,144236,0.836324
julien,22,144297,0.7218513
autel,23,144368,0.4157621
norbert,7,144384,0.99606174
julien,0,144388,0.87890774
machiavel,16,144404,0.9983995
maslon,7,144562,0.9932401
frilair,10,144565,0.99459094
castanède,13,144568,0.9939464
julien,14,144629,0.7183385
mathilde,30,144661,0.77357376
mathilde,13,144735,0.91744965
julien,0,144762,0.65261805
mathilde,7,144823,0.96497434
julien,14,144830,0.9408593
julien,28,144943,0.7993568
mathilde,17,144992,0.97631425
julien,28,145003,0.95946276
julien,8,145116,0.8855075
julien,15,145140,0.6825304
mathilde,10,145291,0.95132494
caylus,21,145350,0.99555904
ju,10,145397,0.569956
julien,2,145492,0.81204045
mathilde,11,145501,0.93572325
julien,8,145561,0.9799169
julien,18,145628,0.77148604
ju,10,145715,0.49647975
julien,4,145929,0.75607854
mathilde,20,145945,0.55437326
julien,0,146121,0.5685313
julien,0,146174,0.6416007
mathilde,14,146188,0.607237
julien,10,146430,0.85476565
julien,0,146593,0.5991078
méphistophélès,10,146758,0.99718344
granvelle,15,146811,0.9982912
ju,7,146823,0.5085588
tartuffe,7,146838,0.58631974
mathilde,52,147009,0.9537748
laquais,25,147058,0.6798754
napoléons,5,147084,0.5870931
magallon,42,147150,0.9958922
castanède,0,147254,0.9962468
fouqué,15,147349,0.94592714
julien,8,147366,0.6386095
julien,6,147401,0.71128744
fouqué,13,147472,0.98552406
mathilde,17,147536,0.6793395
mathilde,37,147624,0.95911026
arsène,53,147640,0.9705764
geronimo,5,147747,0.8524227
mathilde,12,147823,0.99599063
julien,11,147838,0.89749587
mathilde,0,147916,0.99522734
caylus,15,148031,0.618831
julien,5,148085,0.67724246
mathilde,4,148303,0.99469995
julien,34,148333,0.9400888
jarnac,38,148337,0.9937965
moncontour,41,148340,0.9947059
julien,18,148633,0.876071
mathilde,4,148669,0.97551
mathilde,17,148770,0.97878253
napoléon,26,148890,0.97424424
julien,4,148901,0.6624248
mathilde,13,148931,0.9191124
mathilde,23,148961,0.9983252
caylus,44,148982,0.8476675
julien,11,148995,0.53614736
médée,7,149044,0.9823258
julien,23,149060,0.9747125
mathilde,17,149125,0.93448275
julien,9,149158,0.8903971
julien,9,149158,0.90236175
mathilde,0,149252,0.95913404
ju,8,149268,0.49665153
ju,0,149346,0.51540905
julien,10,149583,0.75150955
julien,24,149873,0.9673743
julien,5,149907,0.8646023
norbert,3,149946,0.9836711
julien,17,149960,0.97811735
julien,1,150006,0.5972088
mathilde,20,150025,0.71998435
julien,18,150058,0.9583668
julien,4,150188,0.9666103
charcot,0,150228,0.96970505
julien,4,150253,0.5805385
schiller,69,150475,0.988624
julien,76,150482,0.9556594
mathilde,43,150590,0.9893497
mathilde,16,150783,0.90362096
julien,6,151216,0.8260583
abeilard,5,151456,0.9810869
césar,35,151486,0.99011993
julien,0,151504,0.9236046
amanda,14,151632,0.7133976
ju,8,151730,0.52355844
messieurs,8,151772,0.5896035
julien,15,151915,0.8906195
fouqué,18,151918,0.9899383
fouqué,88,152043,0.9961128
julien,100,152055,0.9938874
julien,74,152215,0.91684353
fouqué,3,152694,0.983659
massinger,0,152838,0.99082917
fouqué,9,152847,0.90653634
julien,6,152942,0.922804
julien,6,153142,0.9151417
julien,3,153164,0.77730733
mathilde,36,153226,0.8506872
mathilde,23,153268,0.9034594
mathilde,17,153323,0.7510761
mathilde,40,153422,0.9295364
julien,47,153479,0.8749769
mathilde,70,153502,0.903981
mathilde,70,153502,0.9293134
julien,10,153596,0.9038827
julien,39,153731,0.86255294
th,22,153793,0.51756805
julien,7,153810,0.56010824
mathilde,34,153837,0.73435426
julien,28,153898,0.6848905
math,71,153941,0.5910423
julien,0,153965,0.62804186
mathilde,11,153976,0.7019018
ju,0,154051,0.49713534
mathilde,0,154102,0.9768536
julien,22,154162,0.85167074
mathilde,71,154260,0.88058585
julien,12,154275,0.78442955
mathilde,38,154301,0.88578403
julien,0,154315,0.8820077
mathilde,0,154456,0.82851
julien,20,154505,0.56047654
julien,12,154629,0.5371218
mathilde,0,154666,0.97610843
julien,0,154699,0.9052995
tanbeau,11,154731,0.97405803
mathilde,18,154738,0.9874355
julien,38,154788,0.85488045
mathilde,1,154816,0.99669003
mathilde,6,154853,0.95099735
raison,1,154882,0.3066016
julien,12,154909,0.9191261
mathilde,47,155177,0.92749256
julien,18,155324,0.8113515
mathilde,0,155412,0.96688145
julien,16,155428,0.9573226
mathilde,27,155593,0.991588
xiii,0,155720,0.931784
mathilde,17,155821,0.8244208
julien,0,155895,0.6953219
mathilde,10,155950,0.9662039
julien,16,155968,0.9684676
julien,2,156105,0.73735535
verrières,17,156120,0.9443215
mathilde,52,156155,0.8307488
julien,0,156277,0.71284986
mathilde,6,156283,0.85901326
mathilde,6,156353,0.99626255
julien,18,156424,0.6738349
julien,48,156587,0.8554976
respect,5,156619,0.45942718
ju,12,156738,0.54387295
julien,10,156956,0.9004061
mathilde,58,157004,0.9183849
julien,10,156956,0.9263737
mathilde,20,157123,0.9579221
julien,16,157163,0.92230314
julien,25,157340,0.9580192
julien,33,157398,0.90327173
mathilde,9,157416,0.98373544
julien,10,157467,0.7223129
julien,4,157558,0.8610287
julien,0,157662,0.85580724
julien,5,158131,0.8507229
mathilde,11,158137,0.88416576
julien,11,158280,0.7676013
mathilde,0,158305,0.6197691
mathilde,4,158389,0.96849775
julien,59,158465,0.9213079
mathilde,0,158483,0.9955017
julien,17,158631,0.9967625
mathilde,55,158669,0.99806356
julien,0,158777,0.48985028
mathilde,38,158844,0.9606534
julien,7,158964,0.6893548
mathilde,0,159033,0.9763848
julien,7,159118,0.67977107
tyran,16,159142,0.6246807
julien,3,159157,0.8334836
julien,27,159266,0.952024
mathilde,26,159307,0.59042406
julien,53,159334,0.52716637
caylus,14,159470,0.9919322
julien,20,159505,0.8659418
mathilde,16,159582,0.7109481
julien,32,159666,0.898491
mathilde,3,159684,0.96879005
julien,0,159901,0.6182145
julien,0,159977,0.7400381
mathilde,18,160013,0.9686965
julien,7,160133,0.98119783
postillon,25,160190,0.6748219
julien,6,160254,0.52560353
shakespeare,40,160323,0.9967685
mathilde,56,160339,0.7559313
ju,60,160343,0.5261211
roland,19,160551,0.9619212
mathilde,3,160605,0.99723375
julien,0,160767,0.78009725
mathilde,5,160863,0.95321643
julien,20,160913,0.7321305
julien,29,160987,0.7835002
mathilde,49,161007,0.9668211
marquise,11,161033,0.7179395
mathilde,10,161097,0.82908106
cimarosa,53,161140,0.9703509
mathilde,53,161199,0.95132744
julien,24,161251,0.642408
julien,39,161296,0.7497072
julien,23,161321,0.67265964
mathilde,15,161397,0.9843849
mathilde,39,161529,0.9951389
julien,24,161699,0.8866203
monsieur,2,161772,0.8706788
mathilde,11,161882,0.9868277
julien,9,161944,0.76715976
julien,0,161955,0.6672063
julien,8,162088,0.9685799
mathilde,2,162173,0.8716512
julien,13,162281,0.8091408
julien,0,162460,0.7140014
mathilde,29,162489,0.787863
julien,19,162622,0.53730637
mathilde,49,162728,0.8680546
julien,68,162747,0.8784011
mathilde,0,162785,0.9933647
julien,43,162834,0.8441416
mathilde,47,162838,0.9234644
julien,17,162977,0.7110869
julien,3,163100,0.9238111
mathilde,26,163123,0.94319147
mathilde,31,163298,0.8644122
julien,0,163328,0.5313281
julien,0,163328,0.62891
mathilde,20,163431,0.98981017
mathilde,60,163563,0.91519076
mathilde,45,163610,0.7899168
mathilde,2,163847,0.99487996
julien,4,163855,0.8999563
mathilde,16,163911,0.8822671
julien,26,163921,0.6530101
mathilde,13,163963,0.98954004
mathilde,10,164004,0.98552996
julien,24,164035,0.6533323
marquise,14,164051,0.8687997
mathilde,9,164090,0.97935796
julien,14,164095,0.9332799
mathilde,14,164127,0.9439025
maman,12,164182,0.8056579
ju,7,164208,0.5383539
julien,6,164297,0.70851755
julien,4,164324,0.53254163
mathilde,0,164333,0.91772753
julien,9,164710,0.83507216
mathilde,25,164726,0.9943925
mathilde,0,164872,0.61787856
julien,25,164897,0.78165567
julien,14,165121,0.9422897
julien,11,165186,0.97414255
alexandre,12,165200,0.9914908
korasoff,23,165211,0.9959486
mathilde,18,165492,0.78261554
mathilde,18,165587,0.62183046
julien,1,165630,0.87397635
mathilde,44,165701,0.9689018
mathilde,20,165733,0.66226625
monsieur,6,165855,0.86584824
mathilde,0,165943,0.9853152
julien,14,166118,0.61086845
mathilde,36,166249,0.99721384
mathilde,34,166550,0.9160205
julien,3,166703,0.9096248
mathilde,18,166718,0.97341275
julien,35,166832,0.9509381
orléans,33,166912,0.9076657
mathilde,0,166925,0.9733664
julien,0,166947,0.86256003
sorel,0,167048,0.9955014
mathilde,8,167070,0.90031505
julien,10,167165,0.8462301
julien,9,167274,0.94924766
julien,13,167324,0.81068325
julien,32,167416,0.9435754
julien,24,167474,0.843923
frilair,39,167489,0.96008533
julien,0,167491,0.9302863
marquis,12,168080,0.79051274
julien,59,168195,0.89778197
julien,11,168232,0.81536794
julien,18,168288,0.909656
julien,0,168355,0.86100125
julien,4,168407,0.67694926
julien,16,168459,0.82845443
norbert,0,168574,0.99115056
sorel,25,168621,0.98236215
julien,59,168655,0.945768
julien,6,168691,0.64303195
julien,18,168821,0.93183815
julien,6,168843,0.59737396
julien,12,168879,0.53999203
julien,5,168929,0.98175484
julien,6,168993,0.69042146
julien,13,169093,0.966024
julien,27,169156,0.915653
julien,6,169182,0.6710416
julien,20,169323,0.6985944
julien,0,169409,0.86137974
julien,9,169455,0.9726342
napoléon,0,169603,0.78882843
julien,17,169662,0.9081631
duc,1,169713,0.6589553
julien,0,169777,0.9262414
ju,9,169899,0.52277756
julien,10,169935,0.8959881
julien,14,169983,0.70329726
julien,0,170001,0.67028517
julien,49,170096,0.6822164
marquis,14,170143,0.9377023
julien,1,170231,0.9037367
monsieur,4,170401,0.80027676
julien,0,170424,0.78074205
julien,80,170644,0.67773986
julien,21,170756,0.94410634
julien,21,170756,0.9640373
duc,8,170806,0.904785
pitt,33,170849,0.9987737
bonaparte,29,170891,0.9986444
pitt,6,171052,0.9982615
sorel,0,171106,0.98711693
napoléon,32,171138,0.9474255
julien,0,171140,0.776216
pitt,22,171179,0.99281603
pitt,6,171215,0.998927
julien,17,171277,0.7555323
duc,7,171298,0.9789956
julien,44,171355,0.9940597
pitt,0,171435,0.9963553
julien,22,171657,0.8976394
julien,18,171738,0.96555454
julien,13,171996,0.88881
marquis,23,172021,0.9079318
kléber,30,172104,0.9964945
hoche,33,172107,0.9957254
jourdan,36,172110,0.9968506
pichegru,39,172113,0.99465436
monsieur,3,172312,0.75894475
cathelineau,36,172530,0.9674544
gustave,38,172726,0.9956381
julien,64,172969,0.9381023
julien,8,173041,0.869637
machiavel,12,173099,0.9985476
julien,39,173126,0.9742284
brougham,0,173172,0.93983537
julien,7,173704,0.8417491
julien,7,173704,0.8409816
julien,6,173970,0.8828758
julien,9,174098,0.8871318
plébéien,9,174113,0.8725615
julien,24,174173,0.9718977
dieu,10,174208,0.36521152
napoléon,44,174587,0.9240134
bonaparte,13,174782,0.9986222
julien,28,174812,0.82146823
julien,8,174836,0.6762647
julien,23,174957,0.9159725
julien,6,175063,0.5659224
julien,8,175081,0.9540397
suppose,9,175095,0.74141276
julien,10,175132,0.8960259
julien,2,175219,0.68275946
mathilde,34,175251,0.8722484
julien,12,175344,0.8600881
geronimo,14,175420,0.9975222
julien,75,175481,0.9417808
julien,34,175556,0.6541972
julien,11,175617,0.62015915
geronimo,22,175646,0.7789828
julien,40,175728,0.80417526
geronimo,48,175736,0.9894236
ju,12,175812,0.50991017
julien,0,175837,0.70304227
julien,15,176085,0.8185899
julien,6,176112,0.78258586
julien,0,176161,0.80674565
imo,34,176249,0.51404786
julien,0,176264,0.50325483
geronimo,9,176290,0.9310748
duc,8,176373,0.9422877
julien,12,176476,0.85206
julien,0,176641,0.5000264
julien,15,176754,0.89203835
ode,52,176873,0.46584854
schiller,55,176876,0.9662657
julien,64,176885,0.6874623
mathilde,102,176923,0.60134923
mathilde,0,176997,0.8731735
julien,8,177019,0.90999496
julien,22,177113,0.8016802
julien,14,177181,0.8509855
desaix,26,177243,0.99846935
julien,0,177279,0.9467293
korasoff,5,177323,0.99725705
korasoff,6,177350,0.9987264
julien,42,177386,0.87929654
julien,0,177412,0.64940023
julien,25,177521,0.9258075
julien,0,177629,0.962206
ju,0,177671,0.5149073
julien,23,177829,0.9202603
mathilde,16,177919,0.901711
korasoff,26,177929,0.9962284
julien,0,177984,0.82336724
julien,32,178148,0.8014416
sorel,12,178391,0.9939555
sorel,40,178495,0.9945545
julien,0,178668,0.753123
maréchal,10,178697,0.97582996
julien,0,178750,0.83037686
korasoff,28,178778,0.9982353
julien,39,178832,0.9272573
prude,14,178889,0.9096976
julien,25,178924,0.5688454
kalisky,4,179018,0.9990223
julien,15,179083,0.95306087
kalisky,58,179126,0.9979882
julien,13,179174,0.7981074
napoléon,83,179244,0.9572733
julien,0,179285,0.5067091
korasoff,21,179306,0.98757625
mathilde,37,179351,0.89617693
korasoff,11,179372,0.9984723
altamira,40,179629,0.9785426
julien,0,179687,0.60854113
altamira,28,179715,0.9925323
bustos,3,179790,0.97833323
altamira,8,179795,0.9841947
carbonaro,22,179859,0.9875393
julien,34,179871,0.829892
julien,0,180020,0.8104015
france,52,180072,0.55309963
julien,0,180020,0.89659685
collé,108,180128,0.9141044
marote,14,180144,0.9674833
julien,1,180150,0.58367884
altamira,40,180625,0.99408823
julien,1,180718,0.8422482
altamira,6,180723,0.919116
maréchale,10,180773,0.8378834
julien,29,180792,0.858716
julien,29,180792,0.79950935
altamira,93,180856,0.9798019
julien,29,180792,0.8805836
altamira,4,180880,0.99330354
julien,32,180908,0.9206361
mathilde,9,180936,0.8801896
mathilde,18,181060,0.9623244
julien,9,181228,0.6867617
julien,35,181280,0.7590971
ju,5,181310,0.4981875
korasoff,7,181328,0.9893275
julien,9,181330,0.76383114
marquise,1,181372,0.8817291
ju,0,181391,0.5222722
julien,0,181500,0.69324696
julien,0,181547,0.7671236
mathilde,21,181568,0.93011826
korasoff,21,181620,0.98366
julien,0,181640,0.7457551
mathilde,0,181743,0.94635737
mathilde,31,181862,0.99072695
mathilde,0,182017,0.9444921
korasoff,2,182087,0.9972635
julien,7,182120,0.95092326
julien,6,182199,0.86048126
camarilla,20,182213,0.55629677
julien,0,182231,0.97305876
mathilde,15,182428,0.93195343
julien,41,182510,0.9106928
xiii,0,182582,0.6703807
stanza,2,182584,0.83821726
maréchale,19,182606,0.9429461
julien,0,182634,0.9716081
maréchale,12,182646,0.8690778
julien,0,182789,0.81062025
mathilde,23,182836,0.94655263
julien,0,182871,0.55229527
mathilde,21,182946,0.9738306
julien,1,182978,0.9916785
maréchale,25,183002,0.7560519
julien,37,183111,0.8370811
mathilde,0,183113,0.91978186
korasoff,28,183179,0.9924105
julien,0,183197,0.7518288
julien,8,183232,0.79137653
julien,28,183275,0.59433866
julien,9,183467,0.7138225
korasoff,23,183481,0.9940727
ju,12,183572,0.5396857
korasoff,0,183585,0.9975211
julien,17,183624,0.7511801
mathilde,35,183642,0.9756066
julien,6,183656,0.8288313
mathilde,19,183680,0.849772
julien,8,183760,0.76629496
mathilde,27,183779,0.80760074
maréchale,14,183795,0.909028
julien,16,183826,0.87916905
gus,35,183871,0.63239986
massillon,33,184084,0.9379004
télémaque,0,184113,0.9215565
julien,18,184131,0.9224262
julien,7,184165,0.8802823
julien,10,184411,0.9064561
mathilde,43,184507,0.57895166
julien,78,184542,0.63307506
mathilde,22,184566,0.99094015
mathilde,14,184614,0.903604
julien,15,184644,0.92042303
korasoff,9,184832,0.9983905
julien,19,184877,0.5967529
julien,8,184966,0.9149201
korasoff,6,185011,0.9913614
dorat,10,185023,0.9532261
julien,22,185035,0.80638504
diane,14,185067,0.97700727
julien,0,185091,0.8970916
évoque,10,185156,0.7211048
julien,9,185195,0.71210366
julien,12,185242,0.8835727
tanbeau,13,185300,0.9976649
julien,7,185340,0.92721045
tanbeau,0,185381,0.96837616
julien,8,185389,0.97738385
sorel,40,185421,0.9947747
maréchale,48,185429,0.6965351
julien,9,185471,0.97066164
lichtenberg,0,185552,0.9839239
julien,3,185665,0.9429381
bonaparte,36,185794,0.8397122
julien,11,185823,0.8803358
napoléon,17,185842,0.9257074
bonaparte,35,185914,0.99817955
julien,35,185972,0.95495594
julien,0,186081,0.85662234
maréchale,8,186326,0.7507987
voltaire,24,186342,0.9920627
fervaques,14,186510,0.935832
mathilde,42,186603,0.99585855
tanbeau,0,186641,0.9560687
julien,10,186651,0.9540541
maréchale,21,186678,0.94537055
mathilde,4,186858,0.90318525
julien,20,186950,0.65227807
mathilde,7,187038,0.83206135
maréchale,6,187105,0.82551044
mathilde,5,187133,0.981245
girodet,32,187327,0.96626997
julien,46,187341,0.65181315
sorel,0,187363,0.9926542
julien,8,187449,0.6271528
parvenue,4,187477,0.95586205
sorel,0,187523,0.99514794
maréchale,38,187609,0.8950212
julien,46,187672,0.69905114
tanbeau,4,187729,0.9460688
mathilde,23,187791,0.96339005
julien,25,187823,0.5847125
maréchale,6,187840,0.6157081
sorel,0,187863,0.9650682
julien,23,187886,0.9637357
julien,9,187918,0.7204194
arsène,23,187932,0.800925
julien,0,188012,0.89418465
tanbeau,16,188066,0.9717524
julien,28,188078,0.9111234
julien,28,188078,0.9079724
mathilde,16,188116,0.7283598
julien,33,188133,0.7876076
julien,22,188157,0.75562584
mathilde,52,188187,0.83216727
monsieur,5,188215,0.88165444
julien,29,188246,0.76785684
julien,4,188258,0.9344269
mathilde,2,188281,0.93057805
korasoff,6,188318,0.9978073
mathilde,10,188381,0.92929375
julien,5,188407,0.6070987
julien,16,188489,0.5927412
julien,15,188599,0.56204677
julien,11,188647,0.8313683
julien,13,188762,0.7732939
julien,8,188800,0.83417344
mathilde,3,188811,0.9945796
mathilde,2,188837,0.9460978
mathilde,28,188926,0.6375886
julien,41,188939,0.63614285
mathilde,0,189037,0.93165946
julien,10,189111,0.64666635
julien,0,189186,0.6322307
julien,62,189300,0.80083704
mathilde,0,189322,0.94026977
julien,57,189402,0.96495503
mathilde,0,189452,0.82274616
julien,7,189476,0.86897784
maréchale,56,189540,0.89310807
mathilde,0,189574,0.94487214
mathilde,17,189632,0.95660746
korasoff,2,189676,0.988468
mathilde,36,189793,0.93762565
julien,51,189808,0.90901697
mathilde,5,190028,0.8715849
mathilde,0,190190,0.97475564
julien,0,190273,0.91484475
mathilde,7,190407,0.93265337
maréchale,9,190480,0.87655437
caroline,13,190514,0.7912688
parvenue,38,190565,0.6921324
julien,5,190631,0.78823566
mathilde,26,190652,0.9564032
julien,14,190675,0.9125786
mathilde,19,190680,0.96598905
barnave,0,190751,0.81161135
julien,2,190753,0.7273706
mathilde,11,190775,0.8902081
mathilde,0,190809,0.83528817
julien,7,190816,0.92438835
julien,32,190860,0.77939725
mathilde,4,190948,0.9457415
ju,10,191072,0.5254175
julien,12,191108,0.7950551
korasoff,30,191126,0.98461753
napoléon,17,191223,0.8293738
mathilde,12,191444,0.7314529
julien,0,191580,0.68023074
julien,25,191734,0.75996184
julien,19,191886,0.7486309
mathilde,35,191931,0.9742638
ju,0,191957,0.53085935
mathilde,38,192107,0.9394429
mathilde,2,192140,0.9790075
ju,10,192336,0.49935728
mathilde,49,192397,0.69509786
julien,61,192409,0.68817145
mathilde,7,192546,0.917047
julien,32,192571,0.9625164
mathilde,7,192546,0.9491166
mathilde,20,192680,0.97018015
julien,49,192709,0.94580954
mathilde,20,192680,0.9668988
julien,37,192816,0.96622133
mathilde,10,192850,0.98561233
julien,12,192852,0.98060703
mathilde,3,192896,0.957939
julien,5,192898,0.75566715
beaumarchais,0,192930,0.99879885
julien,0,192965,0.59818584
mathilde,17,192982,0.8532393
mathilde,4,193017,0.98978025
julien,3,193119,0.8232746
tanbeau,2,193203,0.93268806
smollett,28,193229,0.9808598
julien,71,193272,0.7337649
mathilde,0,193347,0.9814513
julien,10,193357,0.97135997
julien,19,193415,0.5851494
julien,3,193555,0.89133334
mathilde,63,193656,0.9017048
julien,121,193714,0.876714
julien,0,193780,0.84229463
julien,0,193780,0.8880677
mathilde,0,193970,0.9737032
ju,10,193984,0.56802464
mathilde,22,194031,0.96307164
mathilde,6,194062,0.7820052
marquis,11,194098,0.96104914
mathilde,6,194109,0.8511329
mathilde,0,194172,0.96571213
julien,3,194438,0.5914546
sorel,30,194566,0.956936
julien,21,194621,0.94493824
julien,20,194835,0.892233
julien,1,194942,0.9013933
mathilde,28,194969,0.99623716
julien,5,194994,0.7773771
julien,0,195143,0.5442388
julien,12,195188,0.55159134
richelieu,11,195244,0.9961264
mirabeau,0,195254,0.9264638
julien,2,195256,0.89340395
julien,2,195256,0.77965367
julien,21,195491,0.87645614
julien,21,195491,0.925495
julien,21,195673,0.85666347
julien,0,195711,0.5686604
julien,5,195794,0.7608677
julien,4,195849,0.91748214
fouqué,0,195985,0.8892446
altamira,2,196011,0.6797181
pirard,0,196084,0.9526225
julien,8,196105,0.75920457
julien,8,196167,0.9296061
janséniste,22,196181,0.97075546
julien,33,196272,0.95812905
julien,33,196272,0.9364445
mathilde,3,196462,0.98460186
julien,7,196484,0.89450485
sorel,22,196584,0.9859718
mathilde,3,196647,0.95443296
julien,3,196685,0.95907575
julien,0,196699,0.9076632
mathilde,0,196702,0.96452487
julien,0,196723,0.8323965
mathilde,0,196760,0.82471025
julien,1,196822,0.54138523
julien,4,196920,0.786654
mathilde,0,196953,0.95376974
marquis,18,197080,0.94377923
julien,32,197114,0.9238268
mathilde,5,197137,0.9839122
julien,16,197148,0.6506468
mathilde,25,197203,0.9956907
marquis,24,197346,0.48840836
mathilde,13,197426,0.93578327
marquis,11,197439,0.7716591
julien,2,197701,0.9738905
marquis,14,197773,0.92763543
julien,3,197870,0.6269319
julien,10,197916,0.9123783
mathilde,34,197940,0.9709327
mathilde,0,198003,0.9902261
mathilde,32,198108,0.9821853
julien,4,198145,0.9798456
mathilde,1,198210,0.9950267
julien,25,198234,0.9342435
julien,38,198326,0.9876096
mathilde,0,198328,0.84049743
oth,18,198368,0.38636503
julien,25,198375,0.8228955
norbert,15,198540,0.961571
julien,20,198545,0.95794487
plébéien,6,198570,0.9357912
marquis,4,198636,0.9730771
julien,22,198837,0.89487565
julien,14,198883,0.8108436
mathilde,39,198908,0.94097114
ju,23,198965,0.51112205
norbert,36,199042,0.98498964
julien,7,199053,0.9250312
julien,18,199156,0.88829315
julien,31,199443,0.93096197
mathilde,0,199484,0.94529337
julien,3,199494,0.95914704
mathilde,0,199535,0.7145169
mathilde,12,199647,0.85686046
marquis,8,199659,0.9690438
mathilde,28,199719,0.9922198
mathilde,27,199834,0.9766116
sorel,17,200018,0.9596024
tremblez,0,200051,0.52715033
udente,4,200055,0.6301873
julien,12,200068,0.9372672
mathilde,23,200117,0.74851334
julien,30,200124,0.69697547
julien,5,200157,0.93543875
julien,42,200235,0.9113679
norbert,0,200294,0.9052933
julien,17,200332,0.7568497
mathilde,19,200444,0.7899322
mirabeau,13,200472,0.9858336
mathilde,14,200516,0.8668357
julien,3,200552,0.89431256
mathilde,7,200618,0.86289763
julien,21,200632,0.59327334
julien,6,200681,0.8796842
sorel,0,200840,0.9499241
julien,0,200924,0.9188559
sorel,2,200969,0.9884491
napoléon,27,201057,0.9570954
julien,3,201294,0.9443187
chélan,0,201299,0.8849432
julien,51,201400,0.976444
mathilde,49,201562,0.9393267
julien,14,201669,0.5426387
mathilde,11,201758,0.92727923
julien,32,202014,0.9202589
monsieur,21,202059,0.6585674
monsieur,8,202124,0.89427996
julien,70,202415,0.98161733
julien,14,202442,0.5771755
mathilde,0,202462,0.9809187
julien,0,202508,0.56212103
mathilde,10,202524,0.8475913
julien,0,202646,0.5397539
julien,0,202671,0.8306805
julien,16,202711,0.57091165
julien,0,202896,0.5660622
julien,1,202975,0.73524594
julien,7,203290,0.65828604
julien,12,203370,0.68851084
élisa,25,203405,0.9927075
ouis,21,203476,0.5687474
julien,12,203524,0.9832947
verrières,20,203532,0.9437378
noiroud,0,203541,0.9338464
appert,0,203555,0.9821563
julien,40,203661,0.85714674
monsieur,2,203679,0.85010904
julien,10,203714,0.6794138
caylus,39,203983,0.9388571
iago,4,204027,0.9724534
julien,22,204101,0.93714345
julien,29,204468,0.68521035
julien,29,204506,0.9003231
julien,7,204554,0.98804843
julien,25,204609,0.94240886
julien,1,204658,0.87409294
julien,1,204658,0.915884
monsieur,5,204733,0.504807
julien,37,204791,0.8823959
geô,1,204810,0.51606846
julien,0,204827,0.55933803
julien,10,204864,0.9259398
julien,22,204922,0.6598253
julien,24,205094,0.91481876
maslon,0,205128,0.9654505
julien,15,205143,0.7964369
julien,0,205171,0.6421079
julien,6,205213,0.8504418
noiroud,0,205245,0.96695447
ju,6,205295,0.5477151
julien,17,205368,0.90975726
napoléon,15,205927,0.9341174
julien,5,206132,0.8154808
jean,50,206192,0.5461433
julien,61,206265,0.94586706
chélan,0,206295,0.9332368
julien,16,206311,0.8594497
julien,28,206387,0.71889627
julien,3,206401,0.8496481
julien,0,206504,0.74070644
julien,8,206609,0.93893814
fou,1,206786,0.47271678
fou,35,206829,0.4133611
fouqué,3,206858,0.982926
maslon,5,206908,0.9954324
valenod,8,206911,0.99472076
fouqué,17,206920,0.9944997
julien,23,206981,0.95993125
fouqué,0,207034,0.9531207
julien,10,207077,0.8267915
rené,49,207128,0.9815891
fouqué,11,207188,0.99445677
fouqué,0,207215,0.8806565
julien,6,207249,0.8716375
chélan,0,207260,0.98208433
julien,10,207342,0.67596984
juge,2,207383,0.67344654
julien,3,207392,0.96980417
julien,0,207410,0.6841856
fouqué,25,207435,0.99237543
fouqué,15,207469,0.95351523
julien,18,207509,0.9208518
fouqué,0,207529,0.9641053
fouqué,0,207578,0.98629457
valenod,9,207592,0.91268724
julien,1,207653,0.9326614
rênal,26,207726,0.9578407
julien,31,207804,0.94401515
fouqué,2,207849,0.98331714
schiller,0,207977,0.8678087
julien,0,207993,0.73057425
julien,22,208141,0.559488
marquis,42,208288,0.8060442
mathilde,3,208319,0.9702561
julien,11,208555,0.5323224
julien,11,208555,0.6805191
julien,11,208555,0.6126413
julien,6,208643,0.95064735
mathilde,17,208703,0.8264682
mathilde,0,208806,0.9906088
mathilde,0,208935,0.7660552
mathilde,0,209344,0.97827846
mathilde,13,209363,0.9975445
mathilde,0,209526,0.9734937
mathilde,0,209600,0.9888222
abbé,2,209647,0.83662903
mathilde,3,209749,0.9067755
mathilde,64,209839,0.9986284
julien,17,209916,0.97632
mademoiselle,18,210041,0.6840443
abbé,2,210056,0.8619961
mathilde,8,210094,0.99154353
sorel,0,210276,0.996205
mathilde,36,210364,0.95936215
sorel,0,210368,0.995231
mathilde,11,210485,0.9933659
mathilde,11,210555,0.99775636
frilair,6,210593,0.71884364
mathilde,4,210604,0.98219407
julien,31,210631,0.9695326
mathilde,1,210663,0.995787
locke,0,210748,0.9987425
mathilde,7,210761,0.99017924
fouqué,6,210855,0.99496883
julien,21,210870,0.95093185
mathilde,37,210917,0.9594066
mathilde,5,211000,0.8531293
julien,16,211097,0.8444396
mathilde,3,211115,0.99532795
julien,0,211214,0.9048948
mathilde,47,211281,0.98226
julien,25,211308,0.57191026
julien,0,211336,0.65286857
mathilde,15,211368,0.99856484
mathilde,10,211394,0.73552555
julien,30,211414,0.65169674
mathilde,11,211427,0.9902483
fouqué,11,211440,0.9809154
julien,6,211526,0.87494123
mathilde,11,211531,0.9588985
mathilde,15,211747,0.93791
julien,3,211785,0.68394065
ju,54,211898,0.56551623
mathilde,22,212040,0.99178714
mathilde,1,212092,0.88472116
julien,23,212114,0.90669525
chevreuse,4,212557,0.99491733
longueville,7,212560,0.9951401
mathilde,15,212662,0.90140134
goethe,1,212740,0.9987344
julien,33,212797,0.63307667
julien,5,212838,0.9417335
julien,14,212914,0.7563495
mathilde,17,212939,0.88591474
julien,9,213035,0.7016092
julien,28,213079,0.9307889
avocat,2,213097,0.5289743
julien,0,213134,0.85545516
fouqué,5,213160,0.99330306
mathilde,7,213162,0.9734093
julien,26,213181,0.9453316
mathilde,24,213406,0.96150696
rênal,7,213448,0.9966578
fouqué,9,213450,0.8802204
julien,6,213484,0.9325017
mathilde,18,213496,0.9936678
sorel,22,213565,0.9900476
julien,6,213607,0.8660903
mathilde,52,213653,0.90633833
moirod,44,213732,0.9963313
cholin,47,213735,0.9932411
mathilde,67,213755,0.9904198
valenod,0,213764,0.9794526
moirod,5,213769,0.9929374
sorel,0,214008,0.87366235
monsieur,13,214186,0.76249874
monsieur,4,214319,0.6175406
mathilde,17,214625,0.9966926
fouqué,23,214650,0.98639727
julien,33,214715,0.93590057
mathilde,0,214722,0.9883961
julien,21,214769,0.97807
mathilde,5,214776,0.9822472
valenod,2,214894,0.99241763
valenod,0,214968,0.80243635
valenod,0,215032,0.98372173
mathilde,3,215035,0.9424827
mathilde,0,215105,0.96800137
julien,19,215140,0.68451416
mathilde,45,215166,0.7964845
mathilde,66,215248,0.9924
julien,7,215310,0.67506576
julien,0,215346,0.89246905
julien,6,215619,0.88629496
mathilde,39,215696,0.9864495
ju,3,215710,0.51559806
dieu,16,215730,0.6746288
fui,13,215760,0.71060616
julien,18,215861,0.627198
julien,31,215944,0.78125095
derville,1,215951,0.983866
julien,10,215960,0.95158845
julien,17,215989,0.89719445
julien,13,216036,0.91312456
julien,10,216087,0.5470681
bossuet,38,216141,0.8312686
julien,0,216198,0.5365684
julien,3,216319,0.93291104
avocat,2,216337,0.7192409
julien,5,216383,0.6780749
julien,5,216383,0.70141196
julien,10,216520,0.87494385
sieurs,15,216607,0.3978035
juré,16,216608,0.4503277
julien,43,216677,0.92180765
julien,27,216903,0.9824201
julien,27,216903,0.99016976
derville,1,216962,0.99428815
julien,4,216977,0.87392366
rênal,38,217011,0.96081424
derville,1,217016,0.9907212
julien,0,217102,0.76429284
julien,0,217252,0.6082053
mathilde,6,217310,0.9927743
mathilde,5,217400,0.9794444
julien,13,217447,0.8964859
julien,4,217583,0.90715337
mathilde,30,217712,0.86761206
altamira,2,217761,0.9824259
danton,13,217772,0.99640673
julien,4,217826,0.9022901
fénelon,7,217942,0.6845667
julien,0,218124,0.5263642
venceslas,4,218227,0.5962544
rotrou,7,218230,0.99186677
ladislas,14,218237,0.936856
ladislas,6,218254,0.9697601
ju,19,218305,0.5161922
mathilde,3,218324,0.98377085
mathilde,2,218348,0.89271927
frilair,23,218369,0.685333
julien,67,218413,0.6467022
julien,4,218449,0.97066015
mathilde,10,218455,0.9730205
mathilde,10,218455,0.98099196
mathilde,0,218527,0.95085716
julien,11,218589,0.9886739
julien,11,218589,0.98725647
danton,9,218721,0.99803525
danton,9,218721,0.9966044
mathilde,31,218800,0.9932621
valenod,16,218826,0.9880635
mathilde,4,218923,0.91176546
plébéien,49,219021,0.9945057
mathilde,0,219114,0.89359593
mathilde,11,219330,0.8782248
julien,32,219364,0.9293613
julien,25,219391,0.8761271
méphistophélès,6,219544,0.9854391
mathilde,10,219574,0.98914534
parbleau,0,219581,0.9063697
rênal,24,219631,0.9829882
élisa,30,219637,0.9711052
mathilde,30,219772,0.99520594
mathilde,10,219794,0.95849866
julien,9,219872,0.8438915
manuel,24,219904,0.95902467
julien,0,219917,0.89546466
julien,0,220015,0.55928385
mathilde,2,220040,0.8914076
mathilde,6,220096,0.98771083
belphégor,3,220147,0.9953291
madame,3,220210,0.7832587
monsieur,31,220238,0.54724115
julien,22,220362,0.583148
flamme,14,220439,0.7072684
ju,5,220535,0.51987535
julien,7,220557,0.9487357
julien,53,220619,0.94437325
peine,18,220656,0.42810202
ju,6,220832,0.51949877
julien,25,221017,0.8748642
julien,54,221114,0.93674195
mathilde,83,221278,0.99540126
pudeur,6,221389,0.525203
ju,23,221500,0.51798946
julien,9,221540,0.5460785
julien,0,221607,0.74588454
julien,23,221641,0.75923634
sorel,31,221789,0.9678371
ju,0,221803,0.49783877
monsieur,42,221951,0.5298934
julien,5,221990,0.89740276
clefs,11,222025,0.4009482
julien,13,222084,0.9191067
julien,12,222254,0.92382926
mathilde,21,222449,0.8397829
mathilde,3,222477,0.9877064
sorel,0,222620,0.996107
mathilde,26,222653,0.9856893
julien,34,222661,0.92720795
frilair,52,222679,0.62501186
julien,34,222661,0.9226464
mathilde,26,222724,0.8830761
mathilde,0,222735,0.9576547
julien,29,222764,0.95757025
mathilde,2,222804,0.9938707
fouqué,25,222827,0.97363997
julien,1,222916,0.5051564
fouqué,25,222961,0.956192
julien,18,223134,0.6033836
vieillard,4,223249,0.8900135
julien,0,223259,0.7431791
valenod,13,223290,0.7403214
verrières,13,223369,0.98895884
julien,44,223400,0.9114758
julien,13,223482,0.89213693
julien,13,223482,0.93881357
julien,18,223529,0.89368945
feu,5,223543,0.5374373
julien,0,223545,0.7860669
julien,10,223662,0.82477057
monsieur,7,223682,0.70630103
julien,25,223731,0.92089695
julien,40,223813,0.7285656
julien,4,223903,0.66416645
lion,14,224200,0.5567105
valenod,20,224292,0.73309547
julien,4,224311,0.86616087
mathilde,6,224471,0.97795683
napoléon,0,224678,0.85575944
maslon,20,224772,0.983267
frilair,23,224775,0.98525023
castanède,26,224778,0.9818945
chevalier,19,224905,0.50289965
beauvoisis,21,224907,0.84004134
massillon,5,224914,0.8221295
fénelon,7,224916,0.8371529
massillon,0,224920,0.9538815
dubois,3,224923,0.97349554
fénelon,10,224935,0.9978009
voltaire,24,225005,0.8335937
dieu,18,225052,0.61322343
julien,8,225086,0.64570415
fourmis,5,225399,0.41462022
méphistophélès,6,225571,0.99792784
fouqué,12,225753,0.9844904
julien,0,225755,0.7550797
fouqué,28,225800,0.95194936
julien,0,225839,0.9545393
julien,19,225879,0.91075087
julien,24,226015,0.77029544
mathilde,7,226124,0.9912617
mathilde,0,226175,0.9889755
frilair,3,226191,0.94704455
julien,18,226206,0.76692617
mathilde,15,226303,0.94750845
mathilde,21,226378,0.950501
julien,14,226509,0.9068505
croisenois,20,226515,0.4494508
mathilde,26,226521,0.96035564
julien,12,226582,0.9454811
mathilde,18,226588,0.9570433
mathilde,48,226687,0.9735169
julien,22,226807,0.7374831
fouqué,75,226860,0.9913702
ju,1,226869,0.549192
mathilde,12,226880,0.7918728
julien,35,226931,0.9551552
julien,3,227041,0.84735286
julien,38,227144,0.98744667
voltaire,19,227349,0.91296357
julien,34,227364,0.96249235
julien,10,227440,0.5936717
julien,9,227501,0.6207583
julien,9,227501,0.845534
julien,45,227642,0.75821424
maslon,7,227801,0.9793648
valenod,10,227804,0.98814553
julien,8,227821,0.70533574
julien,23,227846,0.68950886
fouqué,10,227969,0.9521178
fouqué,17,228036,0.9908798
mathilde,19,228038,0.9773247
julien,0,228112,0.95143646
mathilde,20,228132,0.9972039
fouqué,46,228158,0.9399615
fouqué,0,228304,0.9680484
mathilde,25,228336,0.9862021
fouqué,0,228376,0.9867784
ju,20,228410,0.5428134
fouqué,0,228445,0.9342345
mathilde,2,228452,0.84352696
fouqué,1,228466,0.99387944
julien,25,228490,0.89280653
mathilde,0,228500,0.9977801
bière,7,228523,0.46276635
mathilde,0,228630,0.99677444
fouqué,3,228664,0.9953871
fouqué,0,228679,0.9679273
mathilde,4,228691,0.992793
julien,17,228734,0.81433034
